logH_lux_s,D_10min,D_7.5min,D_6min
-3.1400,0.2229,0.2133,0.2088
-3.1200,0.2233,0.2135,0.2088
-3.1000,0.2237,0.2136,0.2088
-3.0800,0.2241,0.2137,0.2088
-3.0600,0.2244,0.2139,0.2088
-3.0400,0.2248,0.2141,0.2089
-3.0200,0.2252,0.2143,0.2090
-3.0000,0.2255,0.2145,0.2090
-2.9800,0.2259,0.2147,0.2090
-2.9600,0.2263,0.2148,0.2091
-2.9400,0.2268,0.2150,0.2091
-2.9200,0.2273,0.2153,0.2092
-2.9000,0.2278,0.2155,0.2093
-2.8800,0.2283,0.2157,0.2095
-2.8600,0.2288,0.2160,0.2097
-2.8400,0.2293,0.2163,0.2098
-2.8200,0.2299,0.2166,0.2100
-2.8000,0.2305,0.2170,0.2101
-2.7800,0.2312,0.2174,0.2104
-2.7600,0.2319,0.2178,0.2107
-2.7400,0.2327,0.2183,0.2109
-2.7200,0.2337,0.2189,0.2112
-2.7000,0.2346,0.2194,0.2115
-2.6800,0.2356,0.2201,0.2118
-2.6600,0.2369,0.2209,0.2123
-2.6400,0.2383,0.2218,0.2128
-2.6200,0.2398,0.2228,0.2132
-2.6000,0.2412,0.2237,0.2137
-2.5800,0.2432,0.2250,0.2144
-2.5600,0.2453,0.2264,0.2151
-2.5400,0.2473,0.2279,0.2158
-2.5200,0.2496,0.2295,0.2167
-2.5000,0.2524,0.2312,0.2177
-2.4800,0.2552,0.2332,0.2187
-2.4600,0.2579,0.2354,0.2199
-2.4400,0.2615,0.2378,0.2211
-2.4200,0.2652,0.2404,0.2226
-2.4000,0.2689,0.2432,0.2242
-2.3800,0.2730,0.2464,0.2260
-2.3600,0.2778,0.2498,0.2281
-2.3400,0.2826,0.2535,0.2305
-2.3200,0.2874,0.2574,0.2330
-2.3000,0.2935,0.2618,0.2358
-2.2800,0.2996,0.2665,0.2389
-2.2600,0.3058,0.2715,0.2422
-2.2400,0.3129,0.2768,0.2458
-2.2200,0.3206,0.2825,0.2496
-2.2000,0.3283,0.2886,0.2537
-2.1800,0.3368,0.2951,0.2582
-2.1600,0.3464,0.3021,0.2631
-2.1400,0.3560,0.3094,0.2682
-2.1200,0.3659,0.3170,0.2736
-2.1000,0.3767,0.3252,0.2793
-2.0800,0.3883,0.3338,0.2855
-2.0600,0.4012,0.3429,0.2919
-2.0400,0.4145,0.3523,0.2986
-2.0200,0.4279,0.3621,0.3056
-2.0000,0.4417,0.3725,0.3128
-1.9800,0.4566,0.3832,0.3204
-1.9600,0.4715,0.3944,0.3283
-1.9400,0.4865,0.4060,0.3365
-1.9200,0.5025,0.4181,0.3450
-1.9000,0.5188,0.4306,0.3537
-1.8800,0.5351,0.4434,0.3628
-1.8600,0.5519,0.4566,0.3720
-1.8400,0.5694,0.4701,0.3815
-1.8200,0.5870,0.4839,0.3912
-1.8000,0.6045,0.4981,0.4012
-1.7800,0.6231,0.5125,0.4115
-1.7600,0.6416,0.5271,0.4220
-1.7400,0.6602,0.5420,0.4328
-1.7200,0.6793,0.5570,0.4438
-1.7000,0.6987,0.5722,0.4549
-1.6800,0.7181,0.5875,0.4663
-1.6600,0.7377,0.6029,0.4777
-1.6400,0.7577,0.6183,0.4892
-1.6200,0.7777,0.6340,0.5009
-1.6000,0.7977,0.6497,0.5125
-1.5800,0.8180,0.6653,0.5242
-1.5600,0.8384,0.6810,0.5358
-1.5400,0.8587,0.6967,0.5475
-1.5200,0.8792,0.7125,0.5591
-1.5000,0.8996,0.7283,0.5706
-1.4800,0.9200,0.7438,0.5819
-1.4600,0.9404,0.7595,0.5933
-1.4400,0.9607,0.7751,0.6046
-1.4200,0.9810,0.7906,0.6159
-1.4000,1.0009,0.8062,0.6272
-1.3800,1.0209,0.8216,0.6384
-1.3600,1.0408,0.8370,0.6497
-1.3400,1.0601,0.8523,0.6609
-1.3200,1.0793,0.8677,0.6722
-1.3000,1.0986,0.8828,0.6835
-1.2800,1.1182,0.8980,0.6947
-1.2600,1.1376,0.9130,0.7059
-1.2400,1.1569,0.9280,0.7171
-1.2200,1.1763,0.9431,0.7285
-1.2000,1.1958,0.9581,0.7399
-1.1800,1.2153,0.9730,0.7513
-1.1600,1.2348,0.9880,0.7628
-1.1400,1.2544,1.0029,0.7742
-1.1200,1.2735,1.0178,0.7857
-1.1000,1.2927,1.0327,0.7972
-1.0800,1.3118,1.0475,0.8089
-1.0600,1.3305,1.0622,0.8205
-1.0400,1.3492,1.0769,0.8322
-1.0200,1.3680,1.0916,0.8438
-1.0000,1.3863,1.1060,0.8556
-0.9800,1.4046,1.1204,0.8673
-0.9600,1.4229,1.1347,0.8790
-0.9400,1.4409,1.1489,0.8906
-0.9200,1.4588,1.1630,0.9024
-0.9000,1.4767,1.1769,0.9140
-0.8800,1.4943,1.1906,0.9256
-0.8600,1.5118,1.2042,0.9371
-0.8400,1.5293,1.2177,0.9485
-0.8200,1.5465,1.2311,0.9600
-0.8000,1.5636,1.2444,0.9714
-0.7800,1.5808,1.2576,0.9826
-0.7600,1.5976,1.2708,0.9938
-0.7400,1.6144,1.2839,1.0049
-0.7200,1.6311,1.2969,1.0158
-0.7000,1.6476,1.3098,1.0267
-0.6800,1.6640,1.3227,1.0374
-0.6600,1.6804,1.3355,1.0481
-0.6400,1.6966,1.3482,1.0587
-0.6200,1.7127,1.3610,1.0694
-0.6000,1.7287,1.3736,1.0802
-0.5800,1.7447,1.3864,1.0908
-0.5600,1.7604,1.3990,1.1015
-0.5400,1.7760,1.4117,1.1122
-0.5200,1.7917,1.4243,1.1229
-0.5000,1.8071,1.4369,1.1338
-0.4800,1.8225,1.4494,1.1445
-0.4600,1.8378,1.4620,1.1552
-0.4400,1.8533,1.4747,1.1659
-0.4200,1.8687,1.4873,1.1766
-0.4000,1.8842,1.5001,1.1873
-0.3800,1.8997,1.5129,1.1979
-0.3600,1.9151,1.5258,1.2084
-0.3400,1.9305,1.5388,1.2188
-0.3200,1.9456,1.5519,1.2292
-0.3000,1.9605,1.5649,1.2395
-0.2800,1.9754,1.5782,1.2498
-0.2600,1.9903,1.5913,1.2600
-0.2400,2.0048,1.6044,1.2703
-0.2200,2.0193,1.6176,1.2805
-0.2000,2.0337,1.6310,1.2910
-0.1800,2.0481,1.6441,1.3016
-0.1600,2.0623,1.6572,1.3122
-0.1400,2.0764,1.6702,1.3230
-0.1200,2.0906,1.6833,1.3340
-0.1000,2.1046,1.6962,1.3451
-0.0800,2.1186,1.7092,1.3562
-0.0600,2.1326,1.7219,1.3675
-0.0400,2.1466,1.7346,1.3788
-0.0200,2.1605,1.7474,1.3902
0.0000,2.1744,1.7601,1.4018
0.0200,2.1882,1.7728,1.4131
0.0400,2.2021,1.7855,1.4245
0.0600,2.2160,1.7983,1.4359
0.0800,2.2299,1.8110,1.4472
0.1000,2.2439,1.8235,1.4584
0.1200,2.2578,1.8362,1.4697
0.1400,2.2719,1.8488,1.4808
0.1600,2.2859,1.8615,1.4921
0.1800,2.2999,1.8743,1.5035
0.2000,2.3142,1.8868,1.5148
0.2200,2.3284,1.8995,1.5262
0.2400,2.3427,1.9123,1.5377
0.2600,2.3571,1.9251,1.5494
0.2800,2.3716,1.9379,1.5610
0.3000,2.3862,1.9506,1.5727
0.3200,2.4008,1.9634,1.5845
0.3400,2.4157,1.9761,1.5964
0.3600,2.4308,1.9889,1.6083
0.3800,2.4458,2.0016,1.6203
0.4000,2.4610,2.0142,1.6323
0.4200,2.4766,2.0268,1.6444
0.4400,2.4922,2.0392,1.6565
0.4600,2.5078,2.0516,1.6687
0.4800,2.5235,2.0641,1.6808
0.5000,2.5392,2.0766,1.6930
0.5200,2.5549,2.0890,1.7052
0.5400,2.5707,2.1013,1.7174
0.5600,2.5865,2.1136,1.7297
0.5800,2.6024,2.1259,1.7420
0.6000,2.6182,2.1382,1.7543
0.6200,2.6341,2.1505,1.7666
0.6400,2.6500,2.1628,1.7789
