logH_lux_s,D_10min,D_7min,D_4min
-3.2000,0.1442,0.1442,0.1442
-3.1800,0.1442,0.1442,0.1442
-3.1600,0.1442,0.1442,0.1442
-3.1400,0.1447,0.1447,0.1447
-3.1200,0.1458,0.1458,0.1458
-3.1000,0.1458,0.1458,0.1458
-3.0800,0.1458,0.1458,0.1458
-3.0600,0.1458,0.1458,0.1458
-3.0400,0.1458,0.1458,0.1458
-3.0200,0.1458,0.1458,0.1458
-3.0000,0.1458,0.1458,0.1458
-2.9800,0.1458,0.1458,0.1458
-2.9600,0.1458,0.1458,0.1458
-2.9400,0.1458,0.1458,0.1458
-2.9200,0.1458,0.1458,0.1458
-2.9000,0.1475,0.1475,0.1475
-2.8800,0.1475,0.1475,0.1475
-2.8600,0.1475,0.1475,0.1475
-2.8400,0.1491,0.1491,0.1491
-2.8200,0.1491,0.1491,0.1491
-2.8000,0.1494,0.1494,0.1494
-2.7800,0.1508,0.1508,0.1508
-2.7600,0.1508,0.1508,0.1508
-2.7400,0.1508,0.1508,0.1508
-2.7200,0.1524,0.1524,0.1524
-2.7000,0.1524,0.1524,0.1524
-2.6800,0.1524,0.1524,0.1524
-2.6600,0.1541,0.1541,0.1541
-2.6400,0.1541,0.1541,0.1541
-2.6200,0.1557,0.1557,0.1557
-2.6000,0.1574,0.1574,0.1574
-2.5800,0.1574,0.1574,0.1574
-2.5600,0.1590,0.1590,0.1590
-2.5400,0.1623,0.1623,0.1623
-2.5200,0.1640,0.1640,0.1640
-2.5000,0.1658,0.1658,0.1658
-2.4800,0.1800,0.1800,0.1515
-2.4600,0.1838,0.1838,0.1524
-2.4400,0.1888,0.1888,0.1524
-2.4200,0.1923,0.1923,0.1524
-2.4000,0.1987,0.1987,0.1524
-2.3800,0.2036,0.2036,0.1557
-2.3600,0.2086,0.2086,0.1557
-2.3400,0.2152,0.2152,0.1590
-2.3200,0.2208,0.2208,0.1590
-2.3000,0.2291,0.2291,0.1623
-2.2800,0.2507,0.2226,0.1656
-2.2600,0.2615,0.2284,0.1673
-2.2400,0.2716,0.2360,0.1708
-2.2200,0.2816,0.2426,0.1742
-2.2000,0.2939,0.2510,0.1789
-2.1800,0.3051,0.2593,0.1822
-2.1600,0.3160,0.2677,0.1880
-2.1400,0.3286,0.2757,0.1921
-2.1200,0.3419,0.2844,0.1987
-2.1000,0.3524,0.2927,0.2050
-2.0800,0.3654,0.3026,0.2102
-2.0600,0.3788,0.3110,0.2169
-2.0400,0.3889,0.3210,0.2236
-2.0200,0.4019,0.3294,0.2317
-2.0000,0.4138,0.3385,0.2393
-1.9800,0.4254,0.3474,0.2453
-1.9600,0.4358,0.3561,0.2520
-1.9400,0.4492,0.3656,0.2603
-1.9200,0.4614,0.3744,0.2681
-1.9000,0.4726,0.3844,0.2747
-1.8800,0.4835,0.3937,0.2820
-1.8600,0.4956,0.4027,0.2904
-1.8400,0.5077,0.4118,0.2978
-1.8200,0.5197,0.4218,0.3054
-1.8000,0.5319,0.4317,0.3121
-1.7800,0.5430,0.4416,0.3210
-1.7600,0.5564,0.4515,0.3276
-1.7400,0.5672,0.4614,0.3358
-1.7200,0.5798,0.4713,0.3438
-1.7000,0.5918,0.4815,0.3507
-1.6800,0.6035,0.4923,0.3589
-1.6600,0.6167,0.5030,0.3672
-1.6400,0.6268,0.5137,0.3755
-1.6200,0.6401,0.5243,0.3839
-1.6000,0.6533,0.5343,0.3922
-1.5800,0.6649,0.5446,0.4006
-1.5600,0.6770,0.5560,0.4089
-1.5400,0.6904,0.5672,0.4173
-1.5200,0.7037,0.5776,0.4256
-1.5000,0.7156,0.5876,0.4348
-1.4800,0.7281,0.5983,0.4439
-1.4600,0.7406,0.6109,0.4531
-1.4400,0.7540,0.6209,0.4623
-1.4200,0.7673,0.6319,0.4723
-1.4000,0.7807,0.6432,0.4823
-1.3800,0.7941,0.6553,0.4923
-1.3600,0.8063,0.6654,0.5023
-1.3400,0.8196,0.6775,0.5123
-1.3200,0.8329,0.6889,0.5223
-1.3000,0.8462,0.6991,0.5337
-1.2800,0.8595,0.7108,0.5438
-1.2600,0.8744,0.7224,0.5539
-1.2400,0.8877,0.7325,0.5655
-1.2200,0.9010,0.7456,0.5771
-1.2000,0.9143,0.7559,0.5874
-1.1800,0.9276,0.7687,0.6002
-1.1600,0.9413,0.7794,0.6109
-1.1400,0.9559,0.7907,0.6233
-1.1200,0.9703,0.8023,0.6343
-1.1000,0.9852,0.8140,0.6465
-1.0800,0.9991,0.8256,0.6571
-1.0600,1.0129,0.8373,0.6687
-1.0400,1.0274,0.8489,0.6804
-1.0200,1.0407,0.8598,0.6920
-1.0000,1.0565,0.8714,0.7029
-0.9800,1.0706,0.8838,0.7148
-0.9600,1.0867,0.8955,0.7258
-0.9400,1.1034,0.9075,0.7370
-0.9200,1.1201,0.9201,0.7483
-0.9000,1.1339,0.9307,0.7588
-0.8800,1.1534,0.9439,0.7718
-0.8600,1.1685,0.9570,0.7819
-0.8400,1.1868,0.9687,0.7935
-0.8200,1.2034,0.9832,0.8052
-0.8000,1.2202,0.9956,0.8154
-0.7800,1.2369,1.0079,0.8282
-0.7600,1.2536,1.0206,0.8388
-0.7400,1.2727,1.0352,0.8489
-0.7200,1.2886,1.0485,0.8618
-0.7000,1.3069,1.0618,0.8724
-0.6800,1.3236,1.0751,0.8834
-0.6600,1.3403,1.0891,0.8951
-0.6400,1.3603,1.1042,0.9059
-0.6200,1.3770,1.1183,0.9174
-0.6000,1.3937,1.1332,0.9294
-0.5800,1.4109,1.1476,0.9400
-0.5600,1.4303,1.1615,0.9505
-0.5400,1.4487,1.1760,0.9629
-0.5200,1.4670,1.1914,0.9733
-0.5000,1.4856,1.2058,0.9856
-0.4800,1.5034,1.2212,0.9964
-0.4600,1.5211,1.2346,1.0073
-0.4400,1.5404,1.2496,1.0181
-0.4200,1.5571,1.2645,1.0300
-0.4000,1.5737,1.2780,1.0401
-0.3800,1.5937,1.2928,1.0529
-0.3600,1.6104,1.3077,1.0635
-0.3400,1.6288,1.3227,1.0748
-0.3200,1.6471,1.3365,1.0860
-0.3000,1.6654,1.3509,1.0970
-0.2800,1.6831,1.3649,1.1081
-0.2600,1.7005,1.3799,1.1198
-0.2400,1.7205,1.3950,1.1306
-0.2200,1.7371,1.4100,1.1422
-0.2000,1.7555,1.4240,1.1531
-0.1800,1.7738,1.4401,1.1641
-0.1600,1.7938,1.4551,1.1747
-0.1400,1.8105,1.4705,1.1863
-0.1200,1.8288,1.4870,1.1977
-0.1000,1.8472,1.5020,1.2080
-0.0800,1.8672,1.5170,1.2196
-0.0600,1.8855,1.5319,1.2312
-0.0400,1.9038,1.5469,1.2413
-0.0200,1.9221,1.5636,1.2513
0.0000,1.9405,1.5790,1.2629
0.0200,1.9605,1.5951,1.2743
0.0400,1.9801,1.6104,1.2846
0.0600,1.9989,1.6271,1.2950
0.0800,2.0177,1.6433,1.3074
0.1000,2.0350,1.6571,1.3184
0.1200,2.0539,1.6738,1.3305
0.1400,2.0739,1.6898,1.3412
0.1600,2.0922,1.7039,1.3528
0.1800,2.1105,1.7197,1.3636
0.2000,2.1298,1.7363,1.3754
0.2200,2.1478,1.7507,1.3867
0.2400,2.1672,1.7662,1.3989
0.2600,2.1872,1.7812,1.4098
0.2800,2.2055,1.7974,1.4223
0.3000,2.2255,1.8127,1.4330
0.3200,2.2455,1.8293,1.4474
0.3400,2.2655,1.8442,1.4577
0.3600,2.2855,1.8608,1.4709
0.3800,2.3055,1.8775,1.4829
0.4000,2.3255,1.8927,1.4937
0.4200,2.3473,1.9109,1.5045
0.4400,2.3688,1.9276,1.5153
0.4600,2.3917,1.9443,1.5288
0.4800,nan,1.9610,1.5392
0.5000,nan,nan,1.5501
0.5200,nan,nan,1.5608
