log_exposure_rel_midgrey,D_over_min,D_gross
-3.00000,0.00320,0.17800
-2.97255,0.00320,0.17800
-2.94510,0.00320,0.17800
-2.91765,0.00320,0.17800
-2.89020,0.00320,0.17800
-2.86275,0.00320,0.17800
-2.83529,0.00320,0.17800
-2.80784,0.00320,0.17800
-2.78039,0.00320,0.17800
-2.75294,0.00320,0.17800
-2.72549,0.00320,0.17800
-2.69804,0.00320,0.17800
-2.67059,0.00320,0.17800
-2.64314,0.00320,0.17800
-2.61569,0.00320,0.17800
-2.58824,0.00320,0.17800
-2.56078,0.00320,0.17800
-2.53333,0.00320,0.17800
-2.50588,0.00320,0.17800
-2.47843,0.00320,0.17800
-2.45098,0.00320,0.17800
-2.42353,0.00320,0.17800
-2.39608,0.00320,0.17800
-2.36863,0.00320,0.17800
-2.34118,0.00320,0.17800
-2.31373,0.00320,0.17800
-2.28627,0.00320,0.17800
-2.25882,0.00320,0.17800
-2.23137,0.00320,0.17800
-2.20392,0.00320,0.17800
-2.17647,0.00320,0.17800
-2.14902,0.00320,0.17800
-2.12157,0.00320,0.17800
-2.09412,0.00320,0.17800
-2.06667,0.00320,0.17800
-2.03922,0.00320,0.17800
-2.01176,0.00160,0.17640
-1.98431,0.00160,0.17640
-1.95686,0.00160,0.17640
-1.92941,0.00160,0.17640
-1.90196,0.00160,0.17640
-1.87451,0.00160,0.17640
-1.84706,0.00023,0.17503
-1.81961,0.00028,0.17508
-1.79216,0.00000,0.17480
-1.76471,0.00000,0.17480
-1.73725,0.00000,0.17480
-1.70980,0.00134,0.17614
-1.68235,0.00160,0.17640
-1.65490,0.00160,0.17640
-1.62745,0.00320,0.17800
-1.60000,0.00320,0.17800
-1.57255,0.00320,0.17800
-1.54510,0.00320,0.17800
-1.51765,0.00440,0.17920
-1.49020,0.00970,0.18450
-1.46275,0.01190,0.18670
-1.43529,0.01296,0.18776
-1.40784,0.01580,0.19060
-1.38039,0.01875,0.19355
-1.35294,0.02485,0.19965
-1.32549,0.02588,0.20068
-1.29804,0.03137,0.20617
-1.27059,0.03513,0.20993
-1.24314,0.04024,0.21504
-1.21569,0.04671,0.22151
-1.18824,0.05041,0.22521
-1.16078,0.05816,0.23296
-1.13333,0.06455,0.23935
-1.10588,0.07005,0.24485
-1.07843,0.07702,0.25182
-1.05098,0.08446,0.25926
-1.02353,0.09324,0.26804
-0.99608,0.10145,0.27625
-0.96863,0.11038,0.28518
-0.94118,0.12053,0.29533
-0.91373,0.12933,0.30413
-0.88627,0.14001,0.31481
-0.85882,0.15016,0.32496
-0.83137,0.16135,0.33615
-0.80392,0.17257,0.34737
-0.77647,0.18455,0.35935
-0.74902,0.19666,0.37146
-0.72157,0.20974,0.38454
-0.69412,0.22280,0.39760
-0.66667,0.23653,0.41133
-0.63922,0.25079,0.42559
-0.61176,0.26592,0.44072
-0.58431,0.28132,0.45612
-0.55686,0.29750,0.47230
-0.52941,0.31387,0.48867
-0.50196,0.33035,0.50515
-0.47451,0.34672,0.52152
-0.44706,0.36324,0.53804
-0.41961,0.38058,0.55538
-0.39216,0.39886,0.57366
-0.36471,0.41708,0.59188
-0.33725,0.43527,0.61007
-0.30980,0.45473,0.62953
-0.28235,0.47262,0.64742
-0.25490,0.48991,0.66471
-0.22745,0.51067,0.68547
-0.20000,0.53067,0.70547
-0.17255,0.54911,0.72391
-0.14510,0.56889,0.74369
-0.11765,0.58714,0.76194
-0.09020,0.60385,0.77865
-0.06275,0.62327,0.79807
-0.03529,0.64155,0.81635
-0.00784,0.65973,0.83453
0.01961,0.67731,0.85211
0.04706,0.69573,0.87053
0.07451,0.71318,0.88798
0.10196,0.73109,0.90589
0.12941,0.74849,0.92329
0.15686,0.76571,0.94051
0.18431,0.78315,0.95795
0.21176,0.80097,0.97577
0.23922,0.81929,0.99409
0.26667,0.83758,1.01238
0.29412,0.85594,1.03074
0.32157,0.87255,1.04735
0.34902,0.89130,1.06610
0.37647,0.90800,1.08280
0.40392,0.92526,1.10006
0.43137,0.94263,1.11743
0.45882,0.96045,1.13525
0.48627,0.97911,1.15391
0.51373,0.99734,1.17214
0.54118,1.01442,1.18922
0.56863,1.03182,1.20662
0.59608,1.05041,1.22521
0.62353,1.06849,1.24329
0.65098,1.08505,1.25985
0.67843,1.10241,1.27721
0.70588,1.11987,1.29467
0.73333,1.13787,1.31267
0.76078,1.15586,1.33066
0.78824,1.17275,1.34755
0.81569,1.18893,1.36373
0.84314,1.20738,1.38218
0.87059,1.22519,1.39999
0.89804,1.24308,1.41788
0.92549,1.26069,1.43549
0.95294,1.27823,1.45303
0.98039,1.29482,1.46962
1.00784,1.31246,1.48726
1.03529,1.33040,1.50520
1.06275,1.34832,1.52312
1.09020,1.36474,1.53954
1.11765,1.38137,1.55617
1.14510,1.39825,1.57305
1.17255,1.41705,1.59185
1.20000,1.43499,1.60979
1.22745,1.45190,1.62670
1.25490,1.46932,1.64412
1.28235,1.48631,1.66111
1.30980,1.50404,1.67884
1.33725,1.52182,1.69662
1.36471,1.53935,1.71415
1.39216,1.55664,1.73144
1.41961,1.57375,1.74855
1.44706,1.59026,1.76506
1.47451,1.60888,1.78368
1.50196,1.62672,1.80152
1.52941,1.64309,1.81789
1.55686,1.66012,1.83492
1.58431,1.67803,1.85283
1.61176,1.69703,1.87183
1.63922,1.71437,1.88917
1.66667,1.73103,1.90583
1.69412,1.74826,1.92306
1.72157,1.76465,1.93945
1.74902,1.78208,1.95688
1.77647,1.79943,1.97423
1.80392,1.81679,1.99159
1.83137,1.83396,2.00876
1.85882,1.85046,2.02526
1.88627,1.86713,2.04193
1.91373,1.88383,2.05863
1.94118,1.90039,2.07519
1.96863,1.91690,2.09170
1.99608,1.93305,2.10785
2.02353,1.94931,2.12411
2.05098,1.96610,2.14090
2.07843,1.98292,2.15772
2.10588,1.99969,2.17449
2.13333,2.01643,2.19123
2.16078,2.03312,2.20792
2.18824,2.04976,2.22456
2.21569,2.06635,2.24115
2.24314,2.08288,2.25768
2.27059,2.09936,2.27416
2.29804,2.11577,2.29057
2.32549,2.13211,2.30691
2.35294,2.14839,2.32319
2.38039,2.16458,2.33938
2.40784,2.18070,2.35550
2.43529,2.19674,2.37154
2.46275,2.21268,2.38748
2.49020,2.22853,2.40333
2.51765,2.24427,2.41907
2.54510,2.25991,2.43471
2.57255,2.27544,2.45024
2.60000,2.29085,2.46565
2.62745,2.30613,2.48093
2.65490,2.32128,2.49608
2.68235,2.33628,2.51108
2.70980,2.35115,2.52595
2.73725,2.36585,2.54065
2.76471,2.38040,2.55520
2.79216,2.39477,2.56957
2.81961,2.40897,2.58377
2.84706,2.42298,2.59778
2.87451,2.43680,2.61160
2.90196,2.45042,2.62522
2.92941,2.46382,2.63862
2.95686,2.47701,2.65181
2.98431,2.48997,2.66477
3.01176,2.50270,2.67750
3.03922,2.51519,2.68999
3.06667,2.52742,2.70222
3.09412,2.53940,2.71420
3.12157,2.55112,2.72592
3.14902,2.56257,2.73737
3.17647,2.57375,2.74855
3.20392,2.58464,2.75944
3.23137,2.59525,2.77005
3.25882,2.60556,2.78036
3.28627,2.61559,2.79039
3.31373,2.62531,2.80011
3.34118,2.63474,2.80954
3.36863,2.64387,2.81867
3.39608,2.65269,2.82749
3.42353,2.66121,2.83601
3.45098,2.66943,2.84423
3.47843,2.67734,2.85214
3.50588,2.68496,2.85976
3.53333,2.69228,2.86708
3.56078,2.69931,2.87411
3.58824,2.70605,2.88085
3.61569,2.71251,2.88731
3.64314,2.71868,2.89348
3.67059,2.72458,2.89938
3.69804,2.73021,2.90501
3.72549,2.73558,2.91038
3.75294,2.74070,2.91550
3.78039,2.74556,2.92036
3.80784,2.75019,2.92499
3.83529,2.75458,2.92938
3.86275,2.75875,2.93355
3.89020,2.76271,2.93751
3.91765,2.76645,2.94125
3.94510,2.77000,2.94480
3.97255,2.77335,2.94815
4.00000,2.77652,2.95132
