wavelength_nm,logS_profile
380.00000,-0.64066
385.00000,-0.64066
390.00000,-0.64066
395.00000,-0.64066
400.00000,-0.64066
405.00000,-0.66674
410.00000,-0.69498
415.00000,-0.72694
420.00000,-0.75916
425.00000,-0.78964
430.00000,-0.81849
435.00000,-0.84570
440.00000,-0.87143
445.00000,-0.89607
450.00000,-0.92559
455.00000,-0.95615
460.00000,-0.98592
465.00000,-1.01582
470.00000,-1.04679
475.00000,-1.08005
480.00000,-1.11392
485.00000,-1.13925
490.00000,-1.15377
495.00000,-1.15927
500.00000,-1.15760
505.00000,-1.14954
510.00000,-1.13551
515.00000,-1.11504
520.00000,-1.09016
525.00000,-1.06693
530.00000,-1.04951
535.00000,-1.04196
540.00000,-1.04026
545.00000,-1.04053
550.00000,-1.04066
555.00000,-1.03941
560.00000,-1.03171
565.00000,-1.01564
570.00000,-0.99778
575.00000,-0.98741
580.00000,-0.98936
585.00000,-1.00216
590.00000,-1.02415
595.00000,-1.05104
600.00000,-1.08072
605.00000,-1.11076
610.00000,-1.13877
615.00000,-1.16254
620.00000,-1.17406
625.00000,-1.16468
630.00000,-1.14890
635.00000,-1.15313
640.00000,-1.23676
645.00000,-1.42550
650.00000,-1.70718
655.00000,-2.01728
660.00000,-2.29573
665.00000,-2.52939
670.00000,-2.74313
675.00000,-2.94707
680.00000,-3.14897
685.00000,-3.35463
690.00000,-3.55909
695.00000,-3.73300
700.00000,-3.89012
705.00000,-4.06687
710.00000,-4.24366
715.00000,-4.42044
720.00000,-4.59723
725.00000,-4.77402
730.00000,-4.95080
735.00000,-5.12759
740.00000,-5.30437
745.00000,-5.48116
750.00000,-5.65795
755.00000,-5.83473
760.00000,-6.01152
765.00000,-6.18831
770.00000,-6.36509
775.00000,-6.54188
780.00000,-6.71866
