wavelength_nm,log_sensitivity (reciprocal of erg/cm^2 for D-min + 0.3)
400.0002,1.5000
403.5282,1.4819
406.6286,1.4651
409.3499,1.4495
411.7699,1.4353
414.5735,1.4165
417.3226,1.3986
420.0318,1.3813
422.7154,1.3647
425.3880,1.3487
428.0639,1.3331
430.7577,1.3179
433.4838,1.3030
436.2565,1.2883
439.0904,1.2738
441.9999,1.2592
444.9994,1.2446
446.2532,1.2380
447.4875,1.2311
449.9799,1.2152
452.4920,1.1996
455.0184,1.1844
457.5535,1.1692
460.0921,1.1542
462.6285,1.1391
465.1575,1.1239
467.6736,1.1085
470.1713,1.0928
472.6452,1.0767
475.0899,1.0600
477.4999,1.0427
478.7537,1.0345
480.0074,1.0267
481.2418,1.0195
482.4955,1.0128
484.8320,1.0020
487.2530,0.9935
489.7421,0.9873
492.2830,0.9833
494.8592,0.9814
497.4543,0.9813
500.0522,0.9831
502.6363,0.9865
505.1903,0.9915
507.6978,0.9979
510.1425,1.0056
512.5079,1.0146
513.7617,1.0198
514.9960,1.0256
518.3957,1.0426
521.2982,1.0569
523.8092,1.0686
526.0347,1.0782
528.0804,1.0857
530.0521,1.0913
532.0555,1.0954
534.1966,1.0982
536.5810,1.0997
539.3146,1.1004
542.5032,1.1004
546.2525,1.1000
551.2578,1.1000
552.5116,1.1001
553.7459,1.1005
556.5553,1.1022
559.1459,1.1067
561.5664,1.1131
563.8656,1.1208
566.0923,1.1291
568.2953,1.1373
570.5234,1.1446
572.8255,1.1502
575.2502,1.1536
577.8465,1.1539
580.6630,1.1505
583.7486,1.1427
585.0024,1.1385
586.2659,1.1337
588.8130,1.1224
591.3357,1.1099
593.8387,1.0963
596.3265,1.0820
598.8040,1.0672
601.2757,1.0522
603.7465,1.0373
606.2209,1.0227
608.7037,1.0087
611.1995,0.9956
613.7131,0.9835
616.2491,0.9729
617.5029,0.9695
618.7567,0.9674
619.9910,0.9666
621.2447,0.9674
622.4985,0.9693
623.7522,0.9724
625.0060,0.9760
626.2403,0.9801
627.4941,0.9843
628.7478,0.9882
630.0113,0.9918
631.2456,0.9942
632.4994,0.9950
633.7532,0.9931
635.0069,0.9875
636.2607,0.9771
637.4950,0.9611
639.1231,0.9270
640.5962,0.8882
641.9287,0.8457
643.1353,0.8002
644.2305,0.7527
645.2289,0.7040
646.1451,0.6549
646.9937,0.6063
647.7893,0.5590
648.5464,0.5138
649.2795,0.4716
650.0034,0.4333
651.2572,0.3576
652.5109,0.2812
653.7452,0.2044
655.7850,0.0727
658.1030,-0.0583
660.6613,-0.1888
663.4218,-0.3188
666.3467,-0.4484
669.3978,-0.5777
672.5372,-0.7068
675.7269,-0.8358
678.9288,-0.9648
682.1051,-1.0938
685.2176,-1.2230
688.2285,-1.3524
690.6485,-1.4426
693.3698,-1.5386
696.4702,-1.6408
700.0079,-1.7497
