wavelength_nm,wedge_height (sheet axis "Sensitivity", 0..1),run_px
355.2872,0.0395,24.0000
355.5041,0.0395,24.0000
355.7210,0.0395,24.0000
355.9380,0.0395,24.0000
356.1549,0.0526,28.0000
356.3718,0.0526,28.0000
356.5888,0.0526,28.0000
356.8057,0.0526,28.0000
357.0226,0.0702,28.0000
357.2395,0.0702,28.0000
357.4565,0.0702,28.0000
357.6734,0.0702,28.0000
357.8903,0.0833,24.0000
358.1073,0.0833,24.0000
358.3242,0.0833,24.0000
358.5411,0.0833,24.0000
358.7581,0.0965,28.0000
358.9750,0.0965,28.0000
359.1919,0.0965,28.0000
359.4089,0.0965,28.0000
359.6258,0.1096,24.0000
359.8427,0.1096,24.0000
360.0597,0.1096,24.0000
360.2766,0.1096,24.0000
360.4935,0.1272,24.0000
360.7105,0.1272,24.0000
360.9274,0.1272,24.0000
361.1443,0.1272,24.0000
361.3612,0.1404,28.0000
361.5782,0.1404,28.0000
361.7951,0.1404,28.0000
362.0120,0.1404,28.0000
362.2290,0.1535,24.0000
362.4459,0.1535,24.0000
362.6628,0.1535,24.0000
362.8798,0.1535,24.0000
363.0967,0.1711,24.0000
363.3136,0.1711,24.0000
363.5306,0.1711,24.0000
363.7475,0.1711,24.0000
363.9644,0.1842,28.0000
364.1814,0.1842,28.0000
364.3983,0.1842,28.0000
364.6152,0.1842,28.0000
364.8322,0.1974,24.0000
365.0491,0.1974,24.0000
365.2660,0.1974,24.0000
365.4829,0.1974,24.0000
365.6999,0.2149,24.0000
365.9168,0.2149,24.0000
366.1337,0.2149,24.0000
366.3507,0.2149,24.0000
366.5676,0.2237,24.0000
366.7845,0.2237,24.0000
367.0015,0.2237,24.0000
367.2184,0.2237,24.0000
367.4353,0.2412,24.0000
367.6523,0.2412,24.0000
367.8692,0.2412,24.0000
368.0861,0.2412,24.0000
368.3031,0.2544,28.0000
368.5200,0.2544,28.0000
368.7369,0.2544,28.0000
368.9539,0.2544,28.0000
369.1708,0.2675,24.0000
369.3877,0.2675,24.0000
369.6046,0.2675,24.0000
369.8216,0.2675,24.0000
370.0385,0.2851,24.0000
370.2554,0.2851,24.0000
370.4724,0.2851,24.0000
370.6893,0.2851,24.0000
370.9062,0.2939,24.0000
371.1232,0.2939,24.0000
371.3401,0.2939,24.0000
371.5570,0.2939,24.0000
371.7740,0.3114,24.0000
371.9909,0.3114,24.0000
372.2078,0.3114,24.0000
372.4248,0.3114,24.0000
372.6417,0.3202,24.0000
372.8586,0.3202,24.0000
373.0756,0.3202,24.0000
373.2925,0.3202,24.0000
373.5094,0.3377,24.0000
373.7264,0.3377,24.0000
373.9433,0.3377,24.0000
374.1602,0.3377,24.0000
374.3771,0.3465,24.0000
374.5941,0.3465,24.0000
374.8110,0.3465,24.0000
375.0279,0.3465,24.0000
375.2449,0.3640,24.0000
375.4618,0.3640,24.0000
375.6787,0.3640,24.0000
375.8957,0.3640,24.0000
376.1126,0.3772,28.0000
376.3295,0.3772,28.0000
376.5465,0.3772,28.0000
376.7634,0.3772,28.0000
376.9803,0.3904,24.0000
377.1973,0.3904,24.0000
377.4142,0.3904,24.0000
377.6311,0.3904,24.0000
377.8481,0.4079,24.0000
378.0650,0.4079,24.0000
378.2819,0.4079,24.0000
378.4988,0.4079,24.0000
378.7158,0.4167,24.0000
378.9327,0.4167,24.0000
379.1496,0.4167,24.0000
379.3666,0.4167,24.0000
379.5835,0.4342,24.0000
379.8004,0.4342,24.0000
380.0174,0.4342,24.0000
380.2343,0.4342,24.0000
380.4512,0.4430,24.0000
380.6682,0.4430,24.0000
380.8851,0.4430,24.0000
381.1020,0.4430,24.0000
381.3190,0.4605,24.0000
381.5359,0.4605,24.0000
381.7528,0.4605,24.0000
381.9698,0.4605,24.0000
382.1867,0.4693,24.0000
382.4036,0.4693,24.0000
382.6205,0.4693,24.0000
382.8375,0.4693,24.0000
383.0544,0.4868,24.0000
383.2713,0.4868,24.0000
383.4883,0.4868,24.0000
383.7052,0.4868,24.0000
383.9221,0.4956,24.0000
384.1391,0.4956,24.0000
384.3560,0.4956,24.0000
384.5729,0.4956,24.0000
384.7899,0.5088,20.0000
385.0068,0.5088,20.0000
385.2237,0.5088,20.0000
385.4407,0.5088,20.0000
385.6576,0.5219,24.0000
385.8745,0.5219,24.0000
386.0915,0.5219,24.0000
386.3084,0.5219,24.0000
386.5253,0.5219,24.0000
386.7422,0.5351,20.0000
386.9592,0.5351,20.0000
387.1761,0.5351,20.0000
387.3930,0.5351,20.0000
387.6100,0.5439,20.0000
387.8269,0.5439,20.0000
388.0438,0.5439,20.0000
388.2608,0.5439,20.0000
388.4777,0.5570,24.0000
388.6946,0.5570,24.0000
388.9116,0.5570,24.0000
389.1285,0.5570,24.0000
389.3454,0.5702,20.0000
389.5624,0.5702,20.0000
389.7793,0.5702,20.0000
389.9962,0.5702,20.0000
390.2132,0.5789,20.0000
390.4301,0.5789,20.0000
390.6470,0.5789,20.0000
390.8639,0.5789,20.0000
391.0809,0.5921,24.0000
391.2978,0.5921,24.0000
391.5147,0.5921,24.0000
391.7317,0.5921,24.0000
391.9486,0.6053,20.0000
392.1655,0.6053,20.0000
392.3825,0.6053,20.0000
392.5994,0.6053,20.0000
392.8163,0.6140,20.0000
393.0333,0.6140,20.0000
393.2502,0.6140,20.0000
393.4671,0.6140,20.0000
393.6841,0.6228,20.0000
393.9010,0.6228,20.0000
394.1179,0.6228,20.0000
394.3349,0.6228,20.0000
394.5518,0.6316,20.0000
394.7687,0.6316,20.0000
394.9856,0.6316,20.0000
395.2026,0.6316,20.0000
395.4195,0.6404,20.0000
395.6364,0.6404,20.0000
395.8534,0.6404,20.0000
396.0703,0.6404,20.0000
396.2872,0.6491,20.0000
396.5042,0.6491,20.0000
396.7211,0.6491,20.0000
396.9380,0.6491,20.0000
397.1550,0.6535,16.0000
397.3719,0.6535,16.0000
397.5888,0.6535,16.0000
397.8058,0.6535,16.0000
398.0227,0.6623,16.0000
398.2396,0.6623,16.0000
398.4566,0.6623,16.0000
398.6735,0.6623,16.0000
398.8904,0.6711,16.0000
399.1073,0.6711,16.0000
399.3243,0.6711,16.0000
399.5412,0.6711,16.0000
399.7581,0.6798,16.0000
399.9751,0.6798,16.0000
400.1920,0.6798,16.0000
400.4089,0.6798,16.0000
400.6259,0.6798,16.0000
400.8428,0.6798,16.0000
401.0597,0.6798,16.0000
401.2767,0.6798,16.0000
401.4936,0.6886,16.0000
401.7105,0.6886,16.0000
401.9275,0.6886,16.0000
402.1444,0.6886,16.0000
402.3613,0.6930,12.0000
402.5783,0.6930,12.0000
402.7952,0.6930,12.0000
403.0121,0.6930,12.0000
403.2291,0.6974,16.0000
403.4460,0.6974,16.0000
403.6629,0.6974,16.0000
403.8798,0.6974,16.0000
404.0968,0.7061,16.0000
404.3137,0.7061,16.0000
404.5306,0.7061,16.0000
404.7476,0.7061,16.0000
404.9645,0.7061,16.0000
405.1814,0.7061,16.0000
405.3984,0.7061,16.0000
405.6153,0.7061,16.0000
405.8322,0.7149,16.0000
406.0492,0.7149,16.0000
406.2661,0.7149,16.0000
406.4830,0.7149,16.0000
406.7000,0.7149,16.0000
406.9169,0.7149,16.0000
407.1338,0.7149,16.0000
407.3508,0.7149,16.0000
407.5677,0.7237,16.0000
407.7846,0.7237,16.0000
408.0015,0.7237,16.0000
408.2185,0.7237,16.0000
408.4354,0.7237,16.0000
408.6523,0.7237,16.0000
408.8693,0.7237,16.0000
409.0862,0.7237,16.0000
409.3031,0.7281,12.0000
409.5201,0.7281,12.0000
409.7370,0.7281,12.0000
409.9539,0.7281,12.0000
410.1709,0.7325,16.0000
410.3878,0.7325,16.0000
410.6047,0.7325,16.0000
410.8217,0.7325,16.0000
411.0386,0.7368,12.0000
411.2555,0.7368,12.0000
411.4725,0.7368,12.0000
411.6894,0.7368,12.0000
411.9063,0.7368,12.0000
412.1232,0.7368,12.0000
412.3402,0.7368,12.0000
412.5571,0.7368,12.0000
412.7740,0.7412,16.0000
412.9910,0.7412,16.0000
413.2079,0.7412,16.0000
413.4248,0.7412,16.0000
413.6418,0.7456,12.0000
413.8587,0.7456,12.0000
414.0756,0.7456,12.0000
414.2926,0.7456,12.0000
414.5095,0.7500,16.0000
414.7264,0.7500,16.0000
414.9434,0.7500,16.0000
415.1603,0.7500,16.0000
415.3772,0.7544,12.0000
415.5942,0.7544,12.0000
415.8111,0.7544,12.0000
416.0280,0.7544,12.0000
416.2449,0.7544,12.0000
416.4619,0.7544,12.0000
416.6788,0.7544,12.0000
416.8957,0.7544,12.0000
417.1127,0.7588,16.0000
417.3296,0.7588,16.0000
417.5465,0.7588,16.0000
417.7635,0.7588,16.0000
417.9804,0.7632,12.0000
418.1973,0.7632,12.0000
418.4143,0.7632,12.0000
418.6312,0.7632,12.0000
418.8481,0.7632,12.0000
419.0651,0.7632,12.0000
419.2820,0.7632,12.0000
419.4989,0.7632,12.0000
419.7159,0.7632,12.0000
419.9328,0.7632,12.0000
420.1497,0.7632,12.0000
420.3666,0.7632,12.0000
420.5836,0.7675,16.0000
420.8005,0.7675,16.0000
421.0174,0.7675,16.0000
421.2344,0.7675,16.0000
421.4513,0.7719,12.0000
421.6682,0.7719,12.0000
421.8852,0.7719,12.0000
422.1021,0.7719,12.0000
422.3190,0.7719,12.0000
422.5360,0.7719,12.0000
422.7529,0.7719,12.0000
422.9698,0.7719,12.0000
423.1868,0.7719,12.0000
423.4037,0.7719,12.0000
423.6206,0.7719,12.0000
423.8376,0.7719,12.0000
424.0545,0.7763,16.0000
424.2714,0.7763,16.0000
424.4883,0.7763,16.0000
424.7053,0.7763,16.0000
424.9222,0.7807,12.0000
425.1391,0.7807,12.0000
425.3561,0.7807,12.0000
425.5730,0.7807,12.0000
425.7899,0.7807,12.0000
426.0069,0.7807,12.0000
426.2238,0.7807,12.0000
426.4407,0.7807,12.0000
426.6577,0.7807,12.0000
426.8746,0.7807,12.0000
427.0915,0.7807,12.0000
427.3085,0.7807,12.0000
427.5254,0.7851,16.0000
427.7423,0.7851,16.0000
427.9593,0.7851,16.0000
428.1762,0.7851,16.0000
428.3931,0.7895,12.0000
428.6101,0.7895,12.0000
428.8270,0.7895,12.0000
429.0439,0.7895,12.0000
429.2608,0.7895,12.0000
429.4778,0.7895,12.0000
429.6947,0.7895,12.0000
429.9116,0.7895,12.0000
430.1286,0.7895,12.0000
430.3455,0.7895,12.0000
430.5624,0.7895,12.0000
430.7794,0.7895,12.0000
430.9963,0.7939,16.0000
431.2132,0.7939,16.0000
431.4302,0.7939,16.0000
431.6471,0.7939,16.0000
431.8640,0.7939,16.0000
432.0810,0.7939,16.0000
432.2979,0.7939,16.0000
432.5148,0.7939,16.0000
432.7318,0.7982,12.0000
432.9487,0.7982,12.0000
433.1656,0.7982,12.0000
433.3825,0.7982,12.0000
433.5995,0.7982,12.0000
433.8164,0.7982,12.0000
434.0333,0.7982,12.0000
434.2503,0.7982,12.0000
434.4672,0.7982,12.0000
434.6841,0.7982,12.0000
434.9011,0.7982,12.0000
435.1180,0.7982,12.0000
435.3349,0.8026,16.0000
435.5519,0.8026,16.0000
435.7688,0.8026,16.0000
435.9857,0.8026,16.0000
436.2027,0.8026,16.0000
436.4196,0.8026,16.0000
436.6365,0.8026,16.0000
436.8535,0.8026,16.0000
437.0704,0.8026,16.0000
437.2873,0.8070,12.0000
437.5042,0.8070,12.0000
437.7212,0.8070,12.0000
437.9381,0.8070,12.0000
438.1550,0.8070,12.0000
438.3720,0.8070,12.0000
438.5889,0.8070,12.0000
438.8058,0.8070,12.0000
439.0228,0.8070,12.0000
439.2397,0.8070,12.0000
439.4566,0.8070,12.0000
439.6736,0.8070,12.0000
439.8905,0.8070,12.0000
440.1074,0.8070,12.0000
440.3244,0.8070,12.0000
440.5413,0.8070,12.0000
440.7582,0.8114,16.0000
440.9752,0.8114,16.0000
441.1921,0.8114,16.0000
441.4090,0.8114,16.0000
441.6259,0.8114,16.0000
441.8429,0.8114,16.0000
442.0598,0.8114,16.0000
442.2767,0.8114,16.0000
442.4937,0.8158,12.0000
442.7106,0.8158,12.0000
442.9275,0.8158,12.0000
443.1445,0.8158,12.0000
443.3614,0.8158,12.0000
443.5783,0.8158,12.0000
443.7953,0.8158,12.0000
444.0122,0.8158,12.0000
444.2291,0.8158,12.0000
444.4461,0.8158,12.0000
444.6630,0.8158,12.0000
444.8799,0.8158,12.0000
445.0969,0.8158,12.0000
445.3138,0.8158,12.0000
445.5307,0.8158,12.0000
445.7476,0.8158,12.0000
445.9646,0.8158,12.0000
446.1815,0.8158,12.0000
446.3984,0.8158,12.0000
446.6154,0.8158,12.0000
446.8323,0.8158,12.0000
447.0492,0.8158,12.0000
447.2662,0.8158,12.0000
447.4831,0.8158,12.0000
447.7000,0.8158,12.0000
447.9170,0.8158,12.0000
448.1339,0.8158,12.0000
448.3508,0.8158,12.0000
448.5678,0.8202,16.0000
448.7847,0.8202,16.0000
449.0016,0.8202,16.0000
449.2186,0.8202,16.0000
449.4355,0.8202,16.0000
449.6524,0.8202,16.0000
449.8693,0.8202,16.0000
450.0863,0.8202,16.0000
450.3032,0.8202,16.0000
450.5201,0.8202,16.0000
450.7371,0.8202,16.0000
450.9540,0.8202,16.0000
451.1709,0.8202,16.0000
451.3879,0.8202,16.0000
451.6048,0.8202,16.0000
451.8217,0.8202,16.0000
452.0387,0.8246,12.0000
452.2556,0.8246,12.0000
452.4725,0.8246,12.0000
452.6895,0.8246,12.0000
452.9064,0.8246,12.0000
453.1233,0.8246,12.0000
453.3403,0.8246,12.0000
453.5572,0.8246,12.0000
453.7741,0.8246,12.0000
453.9910,0.8246,12.0000
454.2080,0.8246,12.0000
454.4249,0.8246,12.0000
454.6418,0.8246,12.0000
454.8588,0.8246,12.0000
455.0757,0.8246,12.0000
455.2926,0.8246,12.0000
455.5096,0.8246,12.0000
455.7265,0.8246,12.0000
455.9434,0.8246,12.0000
456.1604,0.8246,12.0000
456.3773,0.8246,12.0000
456.5942,0.8246,12.0000
456.8112,0.8246,12.0000
457.0281,0.8246,12.0000
457.2450,0.8246,12.0000
457.4620,0.8246,12.0000
457.6789,0.8246,12.0000
457.8958,0.8246,12.0000
458.1128,0.8246,12.0000
458.3297,0.8246,12.0000
458.5466,0.8246,12.0000
458.7635,0.8246,12.0000
458.9805,0.8246,12.0000
459.1974,0.8246,12.0000
459.4143,0.8246,12.0000
459.6313,0.8246,12.0000
459.8482,0.8246,12.0000
460.0651,0.8246,12.0000
460.2821,0.8246,12.0000
460.4990,0.8246,12.0000
460.7159,0.8246,12.0000
460.9329,0.8246,12.0000
461.1498,0.8246,12.0000
461.3667,0.8246,12.0000
461.5837,0.8246,12.0000
461.8006,0.8246,12.0000
462.0175,0.8246,12.0000
462.2345,0.8246,12.0000
462.4514,0.8246,12.0000
462.6683,0.8246,12.0000
462.8852,0.8246,12.0000
463.1022,0.8246,12.0000
463.3191,0.8246,12.0000
463.5360,0.8246,12.0000
463.7530,0.8246,12.0000
463.9699,0.8246,12.0000
464.1868,0.8246,12.0000
464.4038,0.8246,12.0000
464.6207,0.8246,12.0000
464.8376,0.8246,12.0000
465.0546,0.8246,12.0000
465.2715,0.8246,12.0000
465.4884,0.8246,12.0000
465.7054,0.8246,12.0000
465.9223,0.8246,12.0000
466.1392,0.8246,12.0000
466.3562,0.8246,12.0000
466.5731,0.8246,12.0000
466.7900,0.8246,12.0000
467.0069,0.8246,12.0000
467.2239,0.8246,12.0000
467.4408,0.8246,12.0000
467.6577,0.8246,12.0000
467.8747,0.8246,12.0000
468.0916,0.8246,12.0000
468.3085,0.8246,12.0000
468.5255,0.8246,12.0000
468.7424,0.8246,12.0000
468.9593,0.8246,12.0000
469.1763,0.8246,12.0000
469.3932,0.8246,12.0000
469.6101,0.8246,12.0000
469.8271,0.8246,12.0000
470.0440,0.8246,12.0000
470.2609,0.8246,12.0000
470.4779,0.8246,12.0000
470.6948,0.8246,12.0000
470.9117,0.8246,12.0000
471.1286,0.8202,16.0000
471.3456,0.8202,16.0000
471.5625,0.8202,16.0000
471.7794,0.8202,16.0000
471.9964,0.8202,16.0000
472.2133,0.8202,16.0000
472.4302,0.8202,16.0000
472.6472,0.8202,16.0000
472.8641,0.8202,16.0000
473.0810,0.8202,16.0000
473.2980,0.8202,16.0000
473.5149,0.8202,16.0000
473.7318,0.8202,16.0000
473.9488,0.8202,16.0000
474.1657,0.8202,16.0000
474.3826,0.8202,16.0000
474.5996,0.8202,16.0000
474.8165,0.8202,16.0000
475.0334,0.8202,16.0000
475.2503,0.8202,16.0000
475.4673,0.8158,12.0000
475.6842,0.8158,12.0000
475.9011,0.8158,12.0000
476.1181,0.8158,12.0000
476.3350,0.8158,12.0000
476.5519,0.8158,12.0000
476.7689,0.8158,12.0000
476.9858,0.8158,12.0000
477.2027,0.8158,12.0000
477.4197,0.8158,12.0000
477.6366,0.8158,12.0000
477.8535,0.8158,12.0000
478.0705,0.8158,12.0000
478.2874,0.8158,12.0000
478.5043,0.8158,12.0000
478.7213,0.8158,12.0000
478.9382,0.8158,12.0000
479.1551,0.8158,12.0000
479.3720,0.8158,12.0000
479.5890,0.8158,12.0000
479.8059,0.8158,12.0000
480.0228,0.8158,12.0000
480.2398,0.8158,12.0000
480.4567,0.8158,12.0000
480.6736,0.8158,12.0000
480.8906,0.8158,12.0000
481.1075,0.8158,12.0000
481.3244,0.8158,12.0000
481.5414,0.8158,12.0000
481.7583,0.8158,12.0000
481.9752,0.8158,12.0000
482.1922,0.8158,12.0000
482.4091,0.8114,16.0000
482.6260,0.8114,16.0000
482.8430,0.8114,16.0000
483.0599,0.8114,16.0000
483.2768,0.8070,12.0000
483.4938,0.8070,12.0000
483.7107,0.8070,12.0000
483.9276,0.8070,12.0000
484.1445,0.8070,12.0000
484.3615,0.8070,12.0000
484.5784,0.8070,12.0000
484.7953,0.8070,12.0000
485.0123,0.8070,12.0000
485.2292,0.8070,12.0000
485.4461,0.8070,12.0000
485.6631,0.8070,12.0000
485.8800,0.8070,12.0000
486.0969,0.8070,12.0000
486.3139,0.8070,12.0000
486.5308,0.8070,12.0000
486.7477,0.8070,12.0000
486.9647,0.8070,12.0000
487.1816,0.8070,12.0000
487.3985,0.8070,12.0000
487.6155,0.8070,12.0000
487.8324,0.8026,16.0000
488.0493,0.8026,16.0000
488.2662,0.8026,16.0000
488.4832,0.8026,16.0000
488.7001,0.7982,12.0000
488.9170,0.7982,12.0000
489.1340,0.7982,12.0000
489.3509,0.7982,12.0000
489.5678,0.7982,12.0000
489.7848,0.7982,12.0000
490.0017,0.7982,12.0000
490.2186,0.7982,12.0000
490.4356,0.7982,12.0000
490.6525,0.7982,12.0000
490.8694,0.7982,12.0000
491.0864,0.7982,12.0000
491.3033,0.7939,16.0000
491.5202,0.7939,16.0000
491.7372,0.7939,16.0000
491.9541,0.7939,16.0000
492.1710,0.7895,12.0000
492.3879,0.7895,12.0000
492.6049,0.7895,12.0000
492.8218,0.7895,12.0000
493.0387,0.7895,12.0000
493.2557,0.7895,12.0000
493.4726,0.7895,12.0000
493.6895,0.7895,12.0000
493.9065,0.7895,12.0000
494.1234,0.7895,12.0000
494.3403,0.7895,12.0000
494.5573,0.7895,12.0000
494.7742,0.7895,12.0000
494.9911,0.7895,12.0000
495.2081,0.7895,12.0000
495.4250,0.7895,12.0000
495.6419,0.7851,16.0000
495.8589,0.7851,16.0000
496.0758,0.7851,16.0000
496.2927,0.7851,16.0000
496.5096,0.7851,16.0000
496.7266,0.7851,16.0000
496.9435,0.7851,16.0000
497.1604,0.7851,16.0000
497.3774,0.7807,12.0000
497.5943,0.7807,12.0000
497.8112,0.7807,12.0000
498.0282,0.7807,12.0000
498.2451,0.7807,12.0000
498.4620,0.7807,12.0000
498.6790,0.7807,12.0000
498.8959,0.7807,12.0000
499.1128,0.7807,12.0000
499.3298,0.7807,12.0000
499.5467,0.7807,12.0000
499.7636,0.7807,12.0000
499.9806,0.7807,12.0000
500.1975,0.7807,12.0000
500.4144,0.7807,12.0000
500.6313,0.7807,12.0000
500.8483,0.7807,12.0000
501.0652,0.7807,12.0000
501.2821,0.7807,12.0000
501.4991,0.7807,12.0000
501.7160,0.7807,12.0000
501.9329,0.7807,12.0000
502.1499,0.7807,12.0000
502.3668,0.7807,12.0000
502.5837,0.7807,12.0000
502.8007,0.7807,12.0000
503.0176,0.7807,12.0000
503.2345,0.7807,12.0000
503.4515,0.7807,12.0000
503.6684,0.7807,12.0000
503.8853,0.7807,12.0000
504.1023,0.7807,12.0000
504.3192,0.7807,12.0000
504.5361,0.7807,12.0000
504.7530,0.7807,12.0000
504.9700,0.7807,12.0000
505.1869,0.7807,12.0000
505.4038,0.7807,12.0000
505.6208,0.7807,12.0000
505.8377,0.7807,12.0000
506.0546,0.7807,12.0000
506.2716,0.7807,12.0000
506.4885,0.7807,12.0000
506.7054,0.7807,12.0000
506.9224,0.7807,12.0000
507.1393,0.7807,12.0000
507.3562,0.7807,12.0000
507.5732,0.7807,12.0000
507.7901,0.7851,16.0000
508.0070,0.7851,16.0000
508.2240,0.7851,16.0000
508.4409,0.7851,16.0000
508.6578,0.7895,12.0000
508.8747,0.7895,12.0000
509.0917,0.7895,12.0000
509.3086,0.7895,12.0000
509.5255,0.7895,12.0000
509.7425,0.7895,12.0000
509.9594,0.7895,12.0000
510.1763,0.7895,12.0000
510.3933,0.7895,12.0000
510.6102,0.7895,12.0000
510.8271,0.7895,12.0000
511.0441,0.7895,12.0000
511.2610,0.7895,12.0000
511.4779,0.7895,12.0000
511.6949,0.7895,12.0000
511.9118,0.7895,12.0000
512.1287,0.7939,16.0000
512.3457,0.7939,16.0000
512.5626,0.7939,16.0000
512.7795,0.7939,16.0000
512.9965,0.7982,12.0000
513.2134,0.7982,12.0000
513.4303,0.7982,12.0000
513.6472,0.7982,12.0000
513.8642,0.7982,12.0000
514.0811,0.7982,12.0000
514.2980,0.7982,12.0000
514.5150,0.7982,12.0000
514.7319,0.8026,16.0000
514.9488,0.8026,16.0000
515.1658,0.8026,16.0000
515.3827,0.8026,16.0000
515.5996,0.8070,12.0000
515.8166,0.8070,12.0000
516.0335,0.8070,12.0000
516.2504,0.8070,12.0000
516.4674,0.8070,12.0000
516.6843,0.8070,12.0000
516.9012,0.8070,12.0000
517.1182,0.8070,12.0000
517.3351,0.8114,16.0000
517.5520,0.8114,16.0000
517.7689,0.8114,16.0000
517.9859,0.8114,16.0000
518.2028,0.8158,12.0000
518.4197,0.8158,12.0000
518.6367,0.8158,12.0000
518.8536,0.8158,12.0000
519.0705,0.8158,12.0000
519.2875,0.8158,12.0000
519.5044,0.8158,12.0000
519.7213,0.8158,12.0000
519.9383,0.8202,16.0000
520.1552,0.8202,16.0000
520.3721,0.8202,16.0000
520.5891,0.8202,16.0000
520.8060,0.8246,12.0000
521.0229,0.8246,12.0000
521.2399,0.8246,12.0000
521.4568,0.8246,12.0000
521.6737,0.8289,16.0000
521.8906,0.8289,16.0000
522.1076,0.8289,16.0000
522.3245,0.8289,16.0000
522.5414,0.8333,12.0000
522.7584,0.8333,12.0000
522.9753,0.8333,12.0000
523.1922,0.8333,12.0000
523.4092,0.8333,12.0000
523.6261,0.8333,12.0000
523.8430,0.8333,12.0000
524.0600,0.8333,12.0000
524.2769,0.8377,16.0000
524.4938,0.8377,16.0000
524.7108,0.8377,16.0000
524.9277,0.8377,16.0000
525.1446,0.8421,12.0000
525.3616,0.8421,12.0000
525.5785,0.8421,12.0000
525.7954,0.8421,12.0000
526.0123,0.8465,16.0000
526.2293,0.8465,16.0000
526.4462,0.8465,16.0000
526.6631,0.8465,16.0000
526.8801,0.8465,16.0000
527.0970,0.8465,16.0000
527.3139,0.8465,16.0000
527.5309,0.8465,16.0000
527.7478,0.8509,12.0000
527.9647,0.8509,12.0000
528.1817,0.8509,12.0000
528.3986,0.8509,12.0000
528.6155,0.8553,16.0000
528.8325,0.8553,16.0000
529.0494,0.8553,16.0000
529.2663,0.8553,16.0000
529.4833,0.8596,12.0000
529.7002,0.8596,12.0000
529.9171,0.8596,12.0000
530.1340,0.8596,12.0000
530.3510,0.8596,12.0000
530.5679,0.8596,12.0000
530.7848,0.8596,12.0000
531.0018,0.8596,12.0000
531.2187,0.8640,16.0000
531.4356,0.8640,16.0000
531.6526,0.8640,16.0000
531.8695,0.8640,16.0000
532.0864,0.8684,12.0000
532.3034,0.8684,12.0000
532.5203,0.8684,12.0000
532.7372,0.8684,12.0000
532.9542,0.8728,16.0000
533.1711,0.8728,16.0000
533.3880,0.8728,16.0000
533.6050,0.8728,16.0000
533.8219,0.8772,12.0000
534.0388,0.8772,12.0000
534.2557,0.8772,12.0000
534.4727,0.8772,12.0000
534.6896,0.8772,12.0000
534.9065,0.8772,12.0000
535.1235,0.8772,12.0000
535.3404,0.8772,12.0000
535.5573,0.8816,16.0000
535.7743,0.8816,16.0000
535.9912,0.8816,16.0000
536.2081,0.8816,16.0000
536.4251,0.8816,16.0000
536.6420,0.8860,12.0000
536.8589,0.8860,12.0000
537.0759,0.8860,12.0000
537.2928,0.8860,12.0000
537.5097,0.8904,16.0000
537.7267,0.8904,16.0000
537.9436,0.8904,16.0000
538.1605,0.8904,16.0000
538.3774,0.8904,16.0000
538.5944,0.8904,16.0000
538.8113,0.8904,16.0000
539.0282,0.8904,16.0000
539.2452,0.8947,12.0000
539.4621,0.8947,12.0000
539.6790,0.8947,12.0000
539.8960,0.8947,12.0000
540.1129,0.8991,16.0000
540.3298,0.8991,16.0000
540.5468,0.8991,16.0000
540.7637,0.8991,16.0000
540.9806,0.9035,12.0000
541.1976,0.9035,12.0000
541.4145,0.9035,12.0000
541.6314,0.9035,12.0000
541.8484,0.9035,12.0000
542.0653,0.9035,12.0000
542.2822,0.9035,12.0000
542.4992,0.9035,12.0000
542.7161,0.9079,16.0000
542.9330,0.9079,16.0000
543.1499,0.9079,16.0000
543.3669,0.9079,16.0000
543.5838,0.9123,12.0000
543.8007,0.9123,12.0000
544.0177,0.9123,12.0000
544.2346,0.9123,12.0000
544.4515,0.9167,16.0000
544.6685,0.9167,16.0000
544.8854,0.9167,16.0000
545.1023,0.9167,16.0000
545.3193,0.9211,12.0000
545.5362,0.9211,12.0000
545.7531,0.9211,12.0000
545.9701,0.9211,12.0000
546.1870,0.9211,12.0000
546.4039,0.9211,12.0000
546.6209,0.9211,12.0000
546.8378,0.9211,12.0000
547.0547,0.9254,16.0000
547.2716,0.9254,16.0000
547.4886,0.9254,16.0000
547.7055,0.9254,16.0000
547.9224,0.9298,12.0000
548.1394,0.9298,12.0000
548.3563,0.9298,12.0000
548.5732,0.9298,12.0000
548.7902,0.9298,12.0000
549.0071,0.9298,12.0000
549.2240,0.9298,12.0000
549.4410,0.9298,12.0000
549.6579,0.9342,16.0000
549.8748,0.9342,16.0000
550.0918,0.9342,16.0000
550.3087,0.9342,16.0000
550.5256,0.9386,12.0000
550.7426,0.9386,12.0000
550.9595,0.9386,12.0000
551.1764,0.9386,12.0000
551.3933,0.9386,12.0000
551.6103,0.9386,12.0000
551.8272,0.9386,12.0000
552.0441,0.9386,12.0000
552.2611,0.9430,16.0000
552.4780,0.9430,16.0000
552.6949,0.9430,16.0000
552.9119,0.9430,16.0000
553.1288,0.9474,12.0000
553.3457,0.9474,12.0000
553.5627,0.9474,12.0000
553.7796,0.9474,12.0000
553.9965,0.9474,12.0000
554.2135,0.9474,12.0000
554.4304,0.9474,12.0000
554.6473,0.9474,12.0000
554.8643,0.9561,12.0000
555.0812,0.9561,12.0000
555.2981,0.9561,12.0000
555.5150,0.9561,12.0000
555.7320,0.9561,12.0000
555.9489,0.9561,12.0000
556.1658,0.9561,12.0000
556.3828,0.9561,12.0000
556.5997,0.9561,12.0000
556.8166,0.9561,12.0000
557.0336,0.9561,12.0000
557.2505,0.9561,12.0000
557.4674,0.9605,16.0000
557.6844,0.9605,16.0000
557.9013,0.9605,16.0000
558.1182,0.9605,16.0000
558.3352,0.9649,12.0000
558.5521,0.9649,12.0000
558.7690,0.9649,12.0000
558.9860,0.9649,12.0000
559.2029,0.9649,12.0000
559.4198,0.9649,12.0000
559.6367,0.9649,12.0000
559.8537,0.9649,12.0000
560.0706,0.9649,12.0000
560.2875,0.9649,12.0000
560.5045,0.9649,12.0000
560.7214,0.9649,12.0000
560.9383,0.9693,16.0000
561.1553,0.9693,16.0000
561.3722,0.9693,16.0000
561.5891,0.9693,16.0000
561.8061,0.9737,12.0000
562.0230,0.9737,12.0000
562.2399,0.9737,12.0000
562.4569,0.9737,12.0000
562.6738,0.9737,12.0000
562.8907,0.9737,12.0000
563.1077,0.9737,12.0000
563.3246,0.9737,12.0000
563.5415,0.9737,12.0000
563.7584,0.9737,12.0000
563.9754,0.9737,12.0000
564.1923,0.9737,12.0000
564.4092,0.9737,12.0000
564.6262,0.9737,12.0000
564.8431,0.9737,12.0000
565.0600,0.9737,12.0000
565.2770,0.9737,12.0000
565.4939,0.9737,12.0000
565.7108,0.9737,12.0000
565.9278,0.9737,12.0000
566.1447,0.9737,12.0000
566.3616,0.9737,12.0000
566.5786,0.9737,12.0000
566.7955,0.9737,12.0000
567.0124,0.9781,16.0000
567.2294,0.9781,16.0000
567.4463,0.9781,16.0000
567.6632,0.9781,16.0000
567.8802,0.9781,16.0000
568.0971,0.9781,16.0000
568.3140,0.9781,16.0000
568.5309,0.9781,16.0000
568.7479,0.9781,16.0000
568.9648,0.9781,16.0000
569.1817,0.9781,16.0000
569.3987,0.9781,16.0000
569.6156,0.9781,16.0000
569.8325,0.9781,16.0000
570.0495,0.9781,16.0000
570.2664,0.9781,16.0000
570.4833,0.9825,12.0000
570.7003,0.9825,12.0000
570.9172,0.9825,12.0000
571.1341,0.9825,12.0000
571.3511,0.9825,12.0000
571.5680,0.9825,12.0000
571.7849,0.9825,12.0000
572.0019,0.9825,12.0000
572.2188,0.9825,12.0000
572.4357,0.9825,12.0000
572.6526,0.9825,12.0000
572.8696,0.9825,12.0000
573.0865,0.9825,12.0000
573.3034,0.9825,12.0000
573.5204,0.9825,12.0000
573.7373,0.9825,12.0000
573.9542,0.9825,12.0000
574.1712,0.9825,12.0000
574.3881,0.9825,12.0000
574.6050,0.9825,12.0000
574.8220,0.9825,12.0000
575.0389,0.9825,12.0000
575.2558,0.9825,12.0000
575.4728,0.9825,12.0000
575.6897,0.9825,12.0000
575.9066,0.9825,12.0000
576.1236,0.9825,12.0000
576.3405,0.9825,12.0000
576.5574,0.9825,12.0000
576.7743,0.9825,12.0000
576.9913,0.9825,12.0000
577.2082,0.9825,12.0000
577.4251,0.9781,16.0000
577.6421,0.9781,16.0000
577.8590,0.9781,16.0000
578.0759,0.9781,16.0000
578.2929,0.9781,16.0000
578.5098,0.9781,16.0000
578.7267,0.9781,16.0000
578.9437,0.9781,16.0000
579.1606,0.9737,12.0000
579.3775,0.9737,12.0000
579.5945,0.9737,12.0000
579.8114,0.9737,12.0000
580.0283,0.9737,12.0000
580.2453,0.9737,12.0000
580.4622,0.9737,12.0000
580.6791,0.9737,12.0000
580.8960,0.9737,12.0000
581.1130,0.9737,12.0000
581.3299,0.9737,12.0000
581.5468,0.9737,12.0000
581.7638,0.9737,12.0000
581.9807,0.9737,12.0000
582.1976,0.9737,12.0000
582.4146,0.9737,12.0000
582.6315,0.9737,12.0000
582.8484,0.9737,12.0000
583.0654,0.9737,12.0000
583.2823,0.9737,12.0000
583.4992,0.9693,16.0000
583.7162,0.9693,16.0000
583.9331,0.9693,16.0000
584.1500,0.9693,16.0000
584.3670,0.9649,12.0000
584.5839,0.9649,12.0000
584.8008,0.9649,12.0000
585.0177,0.9649,12.0000
585.2347,0.9649,12.0000
585.4516,0.9649,12.0000
585.6685,0.9649,12.0000
585.8855,0.9649,12.0000
586.1024,0.9605,16.0000
586.3193,0.9605,16.0000
586.5363,0.9605,16.0000
586.7532,0.9605,16.0000
586.9701,0.9605,16.0000
587.1871,0.9561,12.0000
587.4040,0.9561,12.0000
587.6209,0.9561,12.0000
587.8379,0.9561,12.0000
588.0548,0.9518,16.0000
588.2717,0.9518,16.0000
588.4887,0.9518,16.0000
588.7056,0.9518,16.0000
588.9225,0.9474,12.0000
589.1394,0.9474,12.0000
589.3564,0.9474,12.0000
589.5733,0.9474,12.0000
589.7902,0.9430,16.0000
590.0072,0.9430,16.0000
590.2241,0.9430,16.0000
590.4410,0.9430,16.0000
590.6580,0.9386,12.0000
590.8749,0.9386,12.0000
591.0918,0.9386,12.0000
591.3088,0.9386,12.0000
591.5257,0.9342,16.0000
591.7426,0.9342,16.0000
591.9596,0.9342,16.0000
592.1765,0.9342,16.0000
592.3934,0.9298,12.0000
592.6104,0.9298,12.0000
592.8273,0.9298,12.0000
593.0442,0.9298,12.0000
593.2611,0.9298,12.0000
593.4781,0.9298,12.0000
593.6950,0.9298,12.0000
593.9119,0.9298,12.0000
594.1289,0.9254,16.0000
594.3458,0.9254,16.0000
594.5627,0.9254,16.0000
594.7797,0.9254,16.0000
594.9966,0.9211,12.0000
595.2135,0.9211,12.0000
595.4305,0.9211,12.0000
595.6474,0.9211,12.0000
595.8643,0.9211,12.0000
596.0813,0.9211,12.0000
596.2982,0.9211,12.0000
596.5151,0.9211,12.0000
596.7321,0.9211,12.0000
596.9490,0.9211,12.0000
597.1659,0.9211,12.0000
597.3829,0.9211,12.0000
597.5998,0.9167,16.0000
597.8167,0.9167,16.0000
598.0336,0.9167,16.0000
598.2506,0.9167,16.0000
598.4675,0.9123,12.0000
598.6844,0.9123,12.0000
598.9014,0.9123,12.0000
599.1183,0.9123,12.0000
599.3352,0.9123,12.0000
599.5522,0.9123,12.0000
599.7691,0.9123,12.0000
599.9860,0.9123,12.0000
600.2030,0.9123,12.0000
600.4199,0.9123,12.0000
600.6368,0.9123,12.0000
600.8538,0.9123,12.0000
601.0707,0.9123,12.0000
601.2876,0.9123,12.0000
601.5046,0.9123,12.0000
601.7215,0.9123,12.0000
601.9384,0.9123,12.0000
602.1553,0.9123,12.0000
602.3723,0.9123,12.0000
602.5892,0.9123,12.0000
602.8061,0.9079,16.0000
603.0231,0.9079,16.0000
603.2400,0.9079,16.0000
603.4569,0.9079,16.0000
603.6739,0.9079,16.0000
603.8908,0.9079,16.0000
604.1077,0.9079,16.0000
604.3247,0.9079,16.0000
604.5416,0.9079,16.0000
604.7585,0.9079,16.0000
604.9755,0.9079,16.0000
605.1924,0.9079,16.0000
605.4093,0.9079,16.0000
605.6263,0.9079,16.0000
605.8432,0.9079,16.0000
606.0601,0.9079,16.0000
606.2770,0.9079,16.0000
606.4940,0.9079,16.0000
606.7109,0.9079,16.0000
606.9278,0.9079,16.0000
607.1448,0.9079,16.0000
607.3617,0.9079,16.0000
607.5786,0.9079,16.0000
607.7956,0.9079,16.0000
608.0125,0.9079,16.0000
608.2294,0.9079,16.0000
608.4464,0.9079,16.0000
608.6633,0.9079,16.0000
608.8802,0.9079,16.0000
609.0972,0.9079,16.0000
609.3141,0.9079,16.0000
609.5310,0.9079,16.0000
609.7480,0.9079,16.0000
609.9649,0.9079,16.0000
610.1818,0.9079,16.0000
610.3987,0.9079,16.0000
610.6157,0.9079,16.0000
610.8326,0.9079,16.0000
611.0495,0.9079,16.0000
611.2665,0.9079,16.0000
611.4834,0.9123,12.0000
611.7003,0.9123,12.0000
611.9173,0.9123,12.0000
612.1342,0.9123,12.0000
612.3511,0.9123,12.0000
612.5681,0.9123,12.0000
612.7850,0.9123,12.0000
613.0019,0.9123,12.0000
613.2189,0.9123,12.0000
613.4358,0.9123,12.0000
613.6527,0.9123,12.0000
613.8697,0.9123,12.0000
614.0866,0.9123,12.0000
614.3035,0.9123,12.0000
614.5204,0.9123,12.0000
614.7374,0.9123,12.0000
614.9543,0.9123,12.0000
615.1712,0.9123,12.0000
615.3882,0.9123,12.0000
615.6051,0.9123,12.0000
615.8220,0.9167,16.0000
616.0390,0.9167,16.0000
616.2559,0.9167,16.0000
616.4728,0.9167,16.0000
616.6898,0.9211,12.0000
616.9067,0.9211,12.0000
617.1236,0.9211,12.0000
617.3406,0.9211,12.0000
617.5575,0.9211,12.0000
617.7744,0.9211,12.0000
617.9914,0.9211,12.0000
618.2083,0.9211,12.0000
618.4252,0.9254,16.0000
618.6421,0.9254,16.0000
618.8591,0.9254,16.0000
619.0760,0.9254,16.0000
619.2929,0.9298,12.0000
619.5099,0.9298,12.0000
619.7268,0.9298,12.0000
619.9437,0.9298,12.0000
620.1607,0.9298,12.0000
620.3776,0.9298,12.0000
620.5945,0.9298,12.0000
620.8115,0.9298,12.0000
621.0284,0.9298,12.0000
621.2453,0.9298,12.0000
621.4623,0.9298,12.0000
621.6792,0.9298,12.0000
621.8961,0.9298,12.0000
622.1131,0.9298,12.0000
622.3300,0.9298,12.0000
622.5469,0.9298,12.0000
622.7639,0.9342,16.0000
622.9808,0.9342,16.0000
623.1977,0.9342,16.0000
623.4146,0.9342,16.0000
623.6316,0.9342,16.0000
623.8485,0.9342,16.0000
624.0654,0.9342,16.0000
624.2824,0.9342,16.0000
624.4993,0.9342,16.0000
624.7162,0.9342,16.0000
624.9332,0.9342,16.0000
625.1501,0.9342,16.0000
625.3670,0.9298,12.0000
625.5840,0.9298,12.0000
625.8009,0.9298,12.0000
626.0178,0.9298,12.0000
626.2348,0.9298,12.0000
626.4517,0.9298,12.0000
626.6686,0.9298,12.0000
626.8856,0.9298,12.0000
627.1025,0.9298,12.0000
627.3194,0.9298,12.0000
627.5363,0.9298,12.0000
627.7533,0.9298,12.0000
627.9702,0.9254,16.0000
628.1871,0.9254,16.0000
628.4041,0.9254,16.0000
628.6210,0.9254,16.0000
628.8379,0.9167,16.0000
629.0549,0.9167,16.0000
629.2718,0.9167,16.0000
629.4887,0.9167,16.0000
629.7057,0.9123,20.0000
629.9226,0.9123,20.0000
630.1395,0.9123,20.0000
630.3565,0.9123,20.0000
630.5734,0.9035,20.0000
630.7903,0.9035,20.0000
631.0073,0.9035,20.0000
631.2242,0.9035,20.0000
631.4411,0.8904,24.0000
631.6580,0.8904,24.0000
631.8750,0.8904,24.0000
632.0919,0.8904,24.0000
632.3088,0.8640,40.0000
632.5258,0.8640,40.0000
632.7427,0.8640,40.0000
632.9596,0.8640,40.0000
633.1766,0.8333,52.0000
633.3935,0.8333,52.0000
633.6104,0.8333,52.0000
633.8274,0.8333,52.0000
634.0443,0.8026,56.0000
634.2612,0.8026,56.0000
634.4782,0.8026,56.0000
634.6951,0.8026,56.0000
634.9120,0.7632,60.0000
635.1290,0.7632,60.0000
635.3459,0.7632,60.0000
635.5628,0.7632,60.0000
635.7797,0.7237,56.0000
635.9967,0.7237,56.0000
636.2136,0.7237,56.0000
636.4305,0.7237,56.0000
636.6475,0.7237,56.0000
636.8644,0.6886,56.0000
637.0813,0.6886,56.0000
637.2983,0.6886,56.0000
637.5152,0.6886,56.0000
637.7321,0.6447,56.0000
637.9491,0.6447,56.0000
638.1660,0.6447,56.0000
638.3829,0.6447,56.0000
638.5999,0.6096,56.0000
638.8168,0.6096,56.0000
639.0337,0.6096,56.0000
639.2507,0.6096,56.0000
639.4676,0.5746,56.0000
639.6845,0.5746,56.0000
639.9014,0.5746,56.0000
640.1184,0.5746,56.0000
640.3353,0.5395,56.0000
640.5522,0.5395,56.0000
640.7692,0.5395,56.0000
640.9861,0.5395,56.0000
641.2030,0.5000,52.0000
641.4200,0.5000,52.0000
641.6369,0.5000,52.0000
641.8538,0.5000,52.0000
642.0708,0.4649,52.0000
642.2877,0.4649,52.0000
642.5046,0.4649,52.0000
642.7216,0.4649,52.0000
642.9385,0.4298,52.0000
643.1554,0.4298,52.0000
643.3724,0.4298,52.0000
643.5893,0.4298,52.0000
643.8062,0.3991,48.0000
644.0231,0.3991,48.0000
644.2401,0.3991,48.0000
644.4570,0.3991,48.0000
644.6739,0.3640,48.0000
644.8909,0.3640,48.0000
645.1078,0.3640,48.0000
645.3247,0.3640,48.0000
645.5417,0.3333,44.0000
645.7586,0.3333,44.0000
645.9755,0.3333,44.0000
646.1925,0.3333,44.0000
646.4094,0.3026,48.0000
646.6263,0.3026,48.0000
646.8433,0.3026,48.0000
647.0602,0.3026,48.0000
647.2771,0.2719,44.0000
647.4941,0.2719,44.0000
647.7110,0.2719,44.0000
647.9279,0.2719,44.0000
648.1448,0.2412,48.0000
648.3618,0.2412,48.0000
648.5787,0.2412,48.0000
648.7956,0.2412,48.0000
649.0126,0.2061,48.0000
649.2295,0.2061,48.0000
649.4464,0.2061,48.0000
649.6634,0.2061,48.0000
649.8803,0.1798,48.0000
650.0972,0.1798,48.0000
650.3142,0.1798,48.0000
650.5311,0.1798,48.0000
650.7480,0.1491,44.0000
650.9650,0.1491,44.0000
651.1819,0.1491,44.0000
651.3988,0.1491,44.0000
651.6158,0.1228,36.0000
651.8327,0.1228,36.0000
652.0496,0.1228,36.0000
652.2666,0.1228,36.0000
652.4835,0.0965,36.0000
652.7004,0.0965,36.0000
652.9173,0.0965,36.0000
653.1343,0.0965,36.0000
653.3512,0.0702,36.0000
653.5681,0.0702,36.0000
653.7851,0.0702,36.0000
654.0020,0.0702,36.0000
654.2189,0.0526,36.0000
654.4359,0.0526,36.0000
654.6528,0.0526,36.0000
654.8697,0.0526,36.0000
