rel_log_exposure,D_filter_00,D_filter_0,D_filter_1,D_filter_2,D_filter_3,D_filter_4,D_filter_5
0.9000,0.0005,0.0005,0.0005,0.0004,0.0004,0.0002,0.0001
0.9200,0.0006,0.0005,0.0005,0.0005,0.0004,0.0002,0.0001
0.9400,0.0006,0.0005,0.0005,0.0005,0.0005,0.0002,0.0001
0.9600,0.0006,0.0006,0.0005,0.0005,0.0005,0.0003,0.0001
0.9800,0.0006,0.0006,0.0006,0.0005,0.0005,0.0003,0.0002
1.0000,0.0006,0.0006,0.0006,0.0005,0.0005,0.0003,0.0002
1.0200,0.0006,0.0006,0.0006,0.0006,0.0005,0.0003,0.0002
1.0400,0.0006,0.0006,0.0006,0.0006,0.0006,0.0003,0.0002
1.0600,0.0006,0.0006,0.0006,0.0006,0.0006,0.0004,0.0002
1.0800,0.0006,0.0006,0.0006,0.0006,0.0006,0.0004,0.0003
1.1000,0.0006,0.0006,0.0006,0.0006,0.0006,0.0004,0.0003
1.1200,0.0006,0.0006,0.0006,0.0006,0.0006,0.0004,0.0003
1.1400,0.0006,0.0006,0.0006,0.0006,0.0006,0.0005,0.0003
1.1600,0.0006,0.0006,0.0006,0.0006,0.0006,0.0005,0.0003
1.1800,0.0006,0.0006,0.0006,0.0006,0.0006,0.0005,0.0004
1.2000,0.0006,0.0006,0.0006,0.0006,0.0006,0.0005,0.0004
1.2200,0.0008,0.0006,0.0006,0.0006,0.0006,0.0005,0.0004
1.2400,0.0009,0.0007,0.0006,0.0006,0.0006,0.0006,0.0004
1.2600,0.0010,0.0009,0.0007,0.0006,0.0006,0.0006,0.0005
1.2800,0.0012,0.0010,0.0008,0.0006,0.0006,0.0006,0.0005
1.3000,0.0013,0.0011,0.0009,0.0007,0.0006,0.0006,0.0005
1.3200,0.0014,0.0013,0.0011,0.0009,0.0007,0.0006,0.0005
1.3400,0.0016,0.0014,0.0012,0.0010,0.0008,0.0006,0.0005
1.3600,0.0017,0.0015,0.0013,0.0011,0.0010,0.0006,0.0006
1.3800,0.0018,0.0017,0.0015,0.0013,0.0011,0.0006,0.0006
1.4000,0.0020,0.0018,0.0016,0.0014,0.0012,0.0006,0.0006
1.4200,0.0021,0.0019,0.0017,0.0015,0.0014,0.0006,0.0006
1.4400,0.0022,0.0021,0.0019,0.0017,0.0015,0.0006,0.0006
1.4600,0.0024,0.0022,0.0020,0.0018,0.0016,0.0006,0.0006
1.4800,0.0025,0.0023,0.0021,0.0019,0.0018,0.0006,0.0006
1.5000,0.0026,0.0025,0.0023,0.0021,0.0019,0.0006,0.0006
1.5200,0.0028,0.0026,0.0024,0.0022,0.0020,0.0006,0.0006
1.5400,0.0029,0.0027,0.0025,0.0023,0.0022,0.0006,0.0006
1.5600,0.0030,0.0029,0.0027,0.0025,0.0023,0.0006,0.0006
1.5800,0.0032,0.0030,0.0028,0.0026,0.0024,0.0006,0.0006
1.6000,0.0033,0.0031,0.0029,0.0027,0.0026,0.0006,0.0006
1.6200,0.0042,0.0033,0.0031,0.0029,0.0027,0.0006,0.0006
1.6400,0.0065,0.0034,0.0032,0.0030,0.0028,0.0006,0.0006
1.6600,0.0083,0.0053,0.0033,0.0031,0.0030,0.0006,0.0006
1.6800,0.0104,0.0080,0.0043,0.0033,0.0031,0.0006,0.0006
1.7000,0.0134,0.0091,0.0069,0.0034,0.0032,0.0010,0.0006
1.7200,0.0211,0.0119,0.0085,0.0057,0.0034,0.0034,0.0006
1.7400,0.0250,0.0177,0.0109,0.0081,0.0043,0.0058,0.0006
1.7600,0.0325,0.0239,0.0140,0.0095,0.0074,0.0082,0.0006
1.7800,0.0361,0.0283,0.0221,0.0124,0.0087,0.0106,0.0006
1.8000,0.0438,0.0351,0.0257,0.0191,0.0112,0.0128,0.0006
1.8200,0.0509,0.0395,0.0332,0.0242,0.0150,0.0133,0.0012
1.8400,0.0583,0.0475,0.0366,0.0298,0.0231,0.0133,0.0036
1.8600,0.0822,0.0560,0.0454,0.0355,0.0263,0.0135,0.0060
1.8800,0.0911,0.0783,0.0527,0.0408,0.0339,0.0141,0.0084
1.9000,0.1000,0.0870,0.0594,0.0481,0.0376,0.0149,0.0108
1.9200,0.1115,0.0981,0.0831,0.0567,0.0465,0.0157,0.0129
1.9400,0.1265,0.1111,0.0948,0.0794,0.0545,0.0175,0.0133
1.9600,0.1440,0.1271,0.1105,0.0876,0.0605,0.0193,0.0133
1.9800,0.1692,0.1457,0.1278,0.1098,0.0839,0.0218,0.0135
2.0000,0.1923,0.1704,0.1473,0.1285,0.1089,0.0237,0.0141
2.0200,0.2269,0.1942,0.1718,0.1488,0.1293,0.0237,0.0149
2.0400,0.2428,0.2271,0.1961,0.1732,0.1502,0.0237,0.0158
2.0600,0.2705,0.2462,0.2272,0.1980,0.1746,0.0241,0.0176
2.0800,0.2962,0.2745,0.2504,0.2274,0.2000,0.0247,0.0194
2.1000,0.3229,0.3023,0.2791,0.2551,0.2278,0.0256,0.0223
2.1200,0.3516,0.3307,0.3093,0.2850,0.2588,0.0275,0.0237
2.1400,0.3784,0.3613,0.3398,0.3167,0.2915,0.0299,0.0237
2.1600,0.4071,0.3913,0.3715,0.3495,0.3257,0.0310,0.0237
2.1800,0.4390,0.4236,0.4050,0.3853,0.3605,0.0339,0.0241
2.2000,0.4702,0.4577,0.4399,0.4214,0.4014,0.0352,0.0247
2.2200,0.5019,0.4886,0.4741,0.4594,0.4412,0.0361,0.0257
2.2400,0.5337,0.5240,0.5118,0.4974,0.4810,0.0398,0.0277
2.2600,0.5699,0.5599,0.5496,0.5365,0.5241,0.0459,0.0301
2.2800,0.6006,0.5942,0.5855,0.5775,0.5662,0.0566,0.0310
2.3000,0.6093,0.6129,0.6214,0.6301,0.6377,0.0633,0.0342
2.3200,0.6390,0.6461,0.6550,0.6634,0.6749,0.0707,0.0352
2.3400,0.6695,0.6778,0.6878,0.7026,0.7175,0.0788,0.0363
2.3600,0.7006,0.7112,0.7273,0.7436,0.7719,0.0878,0.0402
2.3800,0.7314,0.7459,0.7665,0.7924,0.8273,0.0982,0.0462
2.4000,0.7624,0.7806,0.8037,0.8370,0.8856,0.1101,0.0586
2.4200,0.7933,0.8140,0.8446,0.8761,0.9361,0.1239,0.0695
2.4400,0.8219,0.8497,0.8737,0.9296,0.9982,0.1406,0.0814
2.4600,0.8540,0.8726,0.9244,0.9436,1.0564,0.1613,0.0956
2.4800,0.8720,0.9196,0.9438,0.9832,1.1073,0.1924,0.1099
2.5000,0.9149,0.9442,0.9803,1.0231,1.1897,0.2231,0.1418
2.5200,0.9450,0.9779,1.0158,1.0678,1.2804,0.2727,0.1824
2.5400,0.9757,1.0098,1.0568,1.0993,1.3323,0.3139,0.2479
2.5600,1.0050,1.0497,1.0663,1.1418,1.4100,0.3825,0.3342
2.5800,1.0338,1.0659,1.0962,1.1862,1.4828,0.4515,0.4309
2.6000,1.0649,1.0960,1.1322,1.2273,1.5585,0.5104,0.5422
2.6200,1.0956,1.1297,1.1643,1.2720,1.6320,0.5826,0.6453
2.6400,1.1279,1.1604,1.1980,1.3173,1.7034,0.6538,0.7299
2.6600,1.1577,1.1939,1.2311,1.3656,1.7764,0.7306,0.8306
2.6800,1.1894,1.2267,1.2657,1.4144,1.8380,0.8069,0.9493
2.7000,1.2212,1.2592,1.3015,1.4672,1.8950,0.8940,1.0818
2.7200,1.2530,1.2916,1.3336,1.5230,1.9402,0.9985,1.2041
2.7400,1.2845,1.3240,1.3595,1.5862,1.9779,1.1066,1.3131
2.7600,1.3147,1.3479,1.3944,1.6528,2.0135,1.2216,1.4343
2.7800,1.3436,1.3627,1.4276,1.7206,2.0475,1.3319,1.6078
2.8000,1.3693,1.3894,1.4598,1.7855,2.0895,1.4687,1.7090
2.8200,1.3954,1.4128,1.4948,1.8443,2.1060,1.5781,1.7949
2.8400,1.4216,1.4400,1.5297,1.9047,2.1288,1.6737,1.8799
2.8600,1.4445,1.4620,1.5689,1.9573,2.1466,1.7698,1.9553
2.8800,1.4654,1.4835,1.6111,2.0023,2.1591,1.8635,2.0433
2.9000,1.4839,1.5053,1.6527,2.0435,2.1709,1.9513,2.0988
2.9200,1.5010,1.5280,1.6975,2.0849,2.1790,2.0299,2.1395
2.9400,1.5181,1.5502,1.7432,2.1047,2.1853,2.0816,2.1776
2.9600,1.5334,1.5722,1.7907,2.1280,2.1915,2.1267,2.1972
2.9800,1.5404,1.5933,1.8203,2.1438,2.1977,2.1544,2.2042
3.0000,1.5595,1.6098,1.8821,2.1590,2.2040,2.1749,2.2091
3.0200,1.5723,1.6342,1.9362,2.1704,2.2102,2.1839,2.2141
3.0400,1.5847,1.6523,1.9637,2.1801,2.2153,2.1910,2.2190
3.0600,1.5972,1.6747,2.0016,2.1864,2.2153,2.1957,2.2240
3.0800,1.6172,1.6954,2.0357,2.1926,2.2153,2.2004,2.2289
3.1000,1.6284,1.7182,2.0662,2.1988,2.2153,2.2053,2.2299
3.1200,1.6393,1.7424,2.0956,2.2051,2.2153,2.2103,2.2299
3.1400,1.6502,1.7667,2.1144,2.2113,2.2153,2.2152,2.2299
3.1600,1.6617,1.7935,2.1349,2.2153,2.2153,2.2202,2.2299
3.1800,1.6730,1.8214,2.1522,2.2153,2.2153,2.2251,2.2299
3.2000,1.6838,1.8505,2.1673,2.2153,2.2153,2.2299,2.2299
3.2200,1.6948,1.8834,2.1791,2.2153,2.2153,2.2299,2.2299
3.2400,1.7060,1.9173,2.1853,2.2153,2.2153,2.2299,2.2299
3.2600,1.7171,1.9500,2.1916,2.2153,2.2153,2.2299,2.2299
3.2800,1.7286,1.9805,2.1978,2.2153,2.2153,2.2299,2.2299
3.3000,1.7400,2.0122,2.2040,2.2153,2.2153,2.2299,2.2299
3.3200,1.7535,2.0424,2.2103,2.2153,2.2153,2.2299,2.2299
3.3400,1.7673,2.0757,2.2153,2.2153,2.2153,2.2299,2.2299
3.3600,1.7816,2.0965,2.2153,2.2153,2.2153,2.2299,2.2299
3.3800,1.7972,2.1217,2.2153,2.2153,2.2153,2.2299,2.2299
3.4000,1.8151,2.1421,2.2153,2.2153,2.2153,2.2299,2.2299
3.4200,1.8336,2.1596,2.2153,2.2153,2.2153,2.2299,2.2299
3.4400,1.8522,2.1720,2.2153,2.2153,2.2153,2.2299,2.2299
3.4600,1.8719,2.1809,2.2153,2.2153,2.2153,2.2299,2.2299
3.4800,1.8878,2.1872,2.2153,2.2153,2.2153,2.2299,2.2299
3.5000,1.9184,2.1934,2.2153,2.2153,2.2153,2.2299,2.2299
3.5200,1.9569,2.1996,2.2153,2.2153,2.2153,2.2299,2.2299
3.5400,1.9757,2.2059,2.2153,2.2153,2.2153,2.2299,2.2299
3.5600,2.0107,2.2121,2.2153,2.2153,2.2153,2.2299,2.2299
3.5800,2.0480,2.2153,2.2153,2.2153,2.2153,2.2299,2.2299
3.6000,2.0919,2.2153,2.2153,2.2153,2.2153,2.2299,2.2299
3.6200,2.1143,2.2153,2.2153,2.2153,2.2153,2.2299,2.2299
3.6400,2.1403,2.2153,2.2153,2.2153,2.2153,2.2299,2.2299
3.6600,2.1623,2.2153,2.2153,2.2153,2.2153,2.2299,2.2299
3.6800,2.1794,2.2153,2.2153,2.2153,2.2153,2.2299,2.2299
3.7000,2.1856,2.2153,2.2153,2.2153,2.2153,2.2299,2.2299
3.7200,2.1919,2.2153,2.2153,2.2153,2.2153,2.2299,2.2299
3.7400,2.1981,2.2153,2.2153,2.2153,2.2153,2.2299,2.2299
3.7600,2.2043,2.2153,2.2153,2.2153,2.2153,2.2299,2.2299
3.7800,2.2106,2.2153,2.2153,2.2153,2.2153,2.2299,2.2299
3.8000,2.2153,2.2153,2.2153,2.2153,2.2153,2.2299,2.2299
3.8200,2.2153,2.2153,2.2153,2.2153,2.2153,2.2299,2.2299
3.8400,2.2153,2.2153,2.2153,2.2153,2.2153,2.2299,2.2299
3.8600,2.2153,2.2153,2.2153,2.2153,2.2153,2.2299,2.2299
3.8800,2.2153,2.2153,2.2153,2.2153,2.2153,2.2299,2.2299
3.9000,2.2153,2.2153,2.2153,2.2153,2.2153,2.2299,2.2299
3.9200,2.2153,2.2153,2.2153,2.2153,2.2153,2.2299,2.2299
3.9400,2.2153,2.2153,2.2153,2.2153,2.2153,2.2299,2.2299
3.9600,2.2153,2.2153,2.2153,2.2153,2.2153,2.2299,2.2299
3.9800,2.2153,2.2153,2.2153,2.2153,2.2153,2.2299,2.2299
4.0000,2.2153,2.2153,2.2153,2.2153,2.2153,2.2299,2.2299
4.0200,2.2153,2.2153,2.2153,2.2153,2.2153,2.2299,2.2299
4.0400,2.2153,2.2153,2.2153,2.2153,2.2153,2.2299,2.2299
4.0600,2.2153,2.2153,2.2153,2.2153,2.2153,2.2299,2.2299
4.0800,2.2153,2.2153,2.2153,2.2153,2.2153,2.2299,2.2299
4.1000,2.2153,2.2153,2.2153,2.2153,2.2153,2.2299,2.2299
4.1200,2.2153,2.2153,2.2153,2.2153,2.2153,2.2299,2.2299
4.1400,2.2153,2.2153,2.2153,2.2153,2.2153,2.2299,2.2299
4.1600,2.2153,2.2153,2.2153,2.2153,2.2153,2.2299,2.2299
4.1800,2.2153,2.2153,2.2153,2.2153,2.2153,2.2299,2.2299
4.2000,2.2153,2.2153,2.2153,2.2153,2.2153,2.2299,2.2299
