filter,rel_log_exposure,density_over_base,overlap_flag(0=own trace;1=shares a blob with other curves, positions spread evenly;2=flat toe from the top edge of the band, shared shape)
3,2.9163,2.1779,0
3,2.8903,2.1668,0
3,2.8755,2.1557,0
3,2.8565,2.1446,0
3,2.8445,2.1335,0
3,2.8337,2.1223,0
3,2.8237,2.1112,0
3,2.8158,2.1001,0
3,2.7993,2.0890,0
3,2.7953,2.0779,0
3,2.7907,2.0668,0
3,2.7860,2.0557,0
3,2.7777,2.0445,0
3,2.7704,2.0334,0
3,2.7649,2.0223,0
3,2.7400,1.9778,0
3,2.7330,1.9667,0
3,2.7270,1.9556,0
3,2.7221,1.9445,0
3,2.7165,1.9334,0
3,2.7109,1.9223,0
3,2.7074,1.9112,0
3,2.7015,1.9000,0
3,2.6981,1.8889,0
3,2.6930,1.8778,0
3,2.6887,1.8667,0
3,2.6865,1.8556,0
3,2.6818,1.8445,0
3,2.6787,1.8334,0
3,2.6760,1.8222,0
3,2.6711,1.8111,0
3,2.6672,1.8000,0
3,2.6649,1.7889,0
3,2.6604,1.7778,0
3,2.6569,1.7667,0
3,2.6546,1.7555,0
3,2.6517,1.7444,0
3,2.6474,1.7333,0
3,2.6446,1.7222,0
3,2.6424,1.7111,0
3,2.6389,1.7000,0
3,2.6348,1.6889,0
3,2.6318,1.6777,0
3,2.6282,1.6666,0
3,2.6258,1.6555,0
3,2.6228,1.6444,0
3,2.6204,1.6333,0
3,2.6171,1.6222,0
3,2.6149,1.6111,0
3,2.6116,1.5999,0
3,2.6096,1.5888,0
3,2.6058,1.5777,0
3,2.6022,1.5666,0
3,2.5991,1.5555,0
3,2.5962,1.5444,0
3,2.5927,1.5332,0
3,2.5897,1.5221,0
3,2.5787,1.4777,0
3,2.5763,1.4666,0
3,2.5721,1.4554,0
3,2.5692,1.4443,0
3,2.5658,1.4332,0
3,2.5627,1.4221,0
3,2.5603,1.4110,0
3,2.5569,1.3999,0
3,2.5544,1.3888,0
3,2.5521,1.3776,0
3,2.5495,1.3665,0
3,2.5462,1.3554,0
3,2.5445,1.3443,0
3,2.5403,1.3332,0
3,2.5369,1.3221,0
3,2.5341,1.3109,0
3,2.5315,1.2998,0
3,2.5282,1.2887,0
3,2.5172,1.2776,0
3,2.5167,1.2665,0
3,2.5147,1.2554,0
3,2.5120,1.2443,0
3,2.5113,1.2331,0
3,2.5101,1.2220,0
3,2.5067,1.2109,0
3,2.5022,1.1998,0
3,2.4998,1.1887,0
3,2.4970,1.1776,0
3,2.4930,1.1664,0
3,2.4890,1.1553,0
3,2.4883,1.1442,0
3,2.4865,1.1331,0
3,2.4843,1.1220,0
3,2.4833,1.1109,0
3,2.4731,1.0998,0
3,2.4688,1.0886,0
3,2.4659,1.0775,0
3,2.4627,1.0664,0
3,2.4597,1.0553,0
3,2.4555,1.0442,0
3,2.4517,1.0331,0
3,2.4486,1.0220,0
3,2.4325,0.9775,0
3,2.4292,0.9664,0
3,2.4248,0.9553,0
3,2.4239,0.9441,0
3,2.4185,0.9330,1
3,2.4129,0.9219,1
3,2.4089,0.9108,1
3,2.4074,0.8997,1
3,2.4009,0.8886,1
3,2.3975,0.8775,1
3,2.3952,0.8663,1
3,2.3900,0.8552,1
3,2.3853,0.8441,1
3,2.3826,0.8330,1
3,2.3775,0.8219,1
3,2.3741,0.8108,1
3,2.3711,0.7997,1
3,2.3647,0.7885,1
3,2.3631,0.7774,1
3,2.3568,0.7663,1
3,2.3532,0.7552,1
3,2.3508,0.7441,1
3,2.3443,0.7330,1
3,2.3416,0.7218,1
3,2.3375,0.7107,1
3,2.3312,0.6996,1
3,2.3285,0.6885,1
3,2.3210,0.6774,1
3,2.3166,0.6663,1
3,2.3092,0.6552,1
3,2.3029,0.6440,1
3,2.2973,0.6329,1
3,2.2897,0.6218,1
3,2.2848,0.6107,1
3,2.2978,0.5996,1
3,2.2910,0.5885,1
3,2.2849,0.5774,1
3,2.2800,0.5662,1
3,2.2754,0.5551,1
3,2.2689,0.5440,1
3,2.2650,0.5329,1
3,2.2587,0.5218,1
3,2.2383,0.4773,1
3,2.2335,0.4662,1
3,2.2268,0.4551,1
3,2.2214,0.4440,1
3,2.2159,0.4329,1
3,2.2109,0.4217,1
3,2.2040,0.4106,1
3,2.1992,0.3995,1
3,2.1932,0.3884,1
3,2.1886,0.3773,1
3,2.1826,0.3662,1
3,2.1775,0.3551,1
3,2.1701,0.3439,1
3,2.1638,0.3328,1
3,2.1578,0.3217,1
3,2.1515,0.3106,1
3,2.1452,0.2995,1
3,2.1379,0.2884,1
3,2.1322,0.2772,1
3,2.1253,0.2661,1
3,2.1172,0.2550,1
3,2.1115,0.2439,1
3,2.1035,0.2328,1
3,2.0957,0.2217,1
3,2.0884,0.2106,1
3,2.0796,0.1994,1
3,2.0706,0.1883,1
3,2.0621,0.1772,1
3,2.0531,0.1661,1
3,2.0440,0.1550,1
3,2.0347,0.1439,1
3,2.0234,0.1328,1
3,2.0124,0.1216,1
3,2.0015,0.1105,1
3,1.9916,0.0994,1
3,1.9911,0.0883,1
3,1.9629,0.0772,1
3,0.6630,0.0006,2
3,0.6741,0.0006,2
3,0.6852,0.0006,2
3,0.6963,0.0006,2
3,0.7074,0.0006,2
3,0.7185,0.0006,2
3,0.7296,0.0006,2
3,0.7407,0.0006,2
3,0.7518,0.0006,2
3,0.7630,0.0006,2
3,0.7741,0.0006,2
3,0.7852,0.0006,2
3,0.7963,0.0006,2
3,0.8074,0.0006,2
3,0.8185,0.0006,2
3,0.8296,0.0006,2
3,0.8407,0.0006,2
3,0.8518,0.0006,2
3,0.8630,0.0006,2
3,0.8741,0.0006,2
3,0.8852,0.0006,2
3,0.8963,0.0006,2
3,0.9074,0.0006,2
3,0.9185,0.0006,2
3,0.9296,0.0006,2
3,0.9407,0.0006,2
3,0.9518,0.0006,2
3,0.9629,0.0006,2
3,0.9741,0.0006,2
3,0.9852,0.0006,2
3,0.9963,0.0006,2
3,1.0074,0.0006,2
3,1.0185,0.0006,2
3,1.0296,0.0006,2
3,1.0407,0.0006,2
3,1.0518,0.0006,2
3,1.0629,0.0006,2
3,1.0741,0.0006,2
3,1.0852,0.0006,2
3,1.0963,0.0006,2
3,1.1074,0.0006,2
3,1.1518,0.0006,2
3,1.1629,0.0006,2
3,1.1741,0.0006,2
3,1.1852,0.0006,2
3,1.1963,0.0006,2
3,1.2074,0.0006,2
3,1.2185,0.0006,2
3,1.2296,0.0006,2
3,1.2407,0.0006,2
3,1.2518,0.0006,2
3,1.2629,0.0006,2
3,1.2740,0.0006,2
3,1.2852,0.0006,2
3,1.2963,0.0006,2
3,1.3074,0.0006,2
3,1.3185,0.0047,2
3,1.3296,0.0038,2
3,1.3407,0.0043,2
3,1.3518,0.0044,2
3,1.3629,0.0045,2
3,1.3740,0.0043,2
3,1.3852,0.0043,2
3,1.3963,0.0043,2
3,1.4074,0.0043,2
3,1.4185,0.0043,2
3,1.4296,0.0043,2
3,1.4407,0.0043,2
3,1.4518,0.0043,2
3,1.4629,0.0043,2
3,1.4740,0.0043,2
3,1.4851,0.0043,2
3,1.4963,0.0043,2
3,1.5074,0.0043,2
3,1.5185,0.0043,2
3,1.5296,0.0043,2
3,1.5407,0.0043,2
3,1.5518,0.0042,2
3,1.5629,0.0043,2
3,1.5740,0.0039,2
3,1.5851,0.0044,2
3,1.5963,0.0047,2
3,1.6074,0.0040,2
3,1.6518,0.0043,2
3,1.6629,0.0043,2
3,1.6740,0.0043,2
3,1.6851,0.0043,2
3,1.6962,0.0043,2
3,1.7074,0.0043,2
3,1.7185,0.0043,2
3,1.7296,0.0034,2
3,1.7407,0.0043,2
3,1.7518,0.0061,2
3,1.7629,0.0079,2
3,1.7740,0.0083,2
3,1.7851,0.0090,2
3,1.7962,0.0108,2
3,1.8074,0.0122,2
3,1.8185,0.0143,2
3,1.8296,0.0197,2
3,1.8407,0.0233,2
3,1.8518,0.0245,2
3,1.8629,0.0270,2
3,1.8740,0.0325,2
3,1.8851,0.0351,2
3,1.8962,0.0363,2
3,1.9073,0.0402,2
3,1.9185,0.0462,2
3,1.9296,0.0483,2
3,1.9407,0.0549,2
3,1.9518,0.0575,2
3,1.9629,0.0616,2
2,3.0328,2.1779,0
2,3.0138,2.1668,0
2,2.9941,2.1557,0
2,2.9811,2.1446,0
2,2.9647,2.1335,0
2,2.9550,2.1223,0
2,2.9450,2.1112,0
2,2.9364,2.1001,0
2,2.9217,2.0890,0
2,2.9171,2.0779,0
2,2.9129,2.0668,0
2,2.9083,2.0557,0
2,2.9005,2.0445,0
2,2.8950,2.0334,0
2,2.8892,2.0223,0
2,2.8687,1.9778,0
2,2.8647,1.9667,0
2,2.8592,1.9556,0
2,2.8553,1.9445,0
2,2.8515,1.9334,0
2,2.8461,1.9223,0
2,2.8429,1.9112,0
2,2.8379,1.9000,0
2,2.8345,1.8889,0
2,2.8306,1.8778,0
2,2.8256,1.8667,0
2,2.8225,1.8556,0
2,2.8200,1.8445,0
2,2.8155,1.8334,0
2,2.8119,1.8222,0
2,2.8092,1.8111,0
2,2.8040,1.8000,0
2,2.8009,1.7889,0
2,2.7979,1.7778,0
2,2.7935,1.7667,0
2,2.7895,1.7555,0
2,2.7873,1.7444,0
2,2.7834,1.7333,0
2,2.7803,1.7222,0
2,2.7781,1.7111,0
2,2.7747,1.7000,0
2,2.7711,1.6889,0
2,2.7679,1.6777,0
2,2.7650,1.6666,0
2,2.7609,1.6555,0
2,2.7571,1.6444,0
2,2.7549,1.6333,0
2,2.7510,1.6222,0
2,2.7475,1.6111,0
2,2.7442,1.5999,0
2,2.7411,1.5888,0
2,2.7363,1.5777,0
2,2.7334,1.5666,0
2,2.7304,1.5555,0
2,2.7253,1.5444,0
2,2.7223,1.5332,0
2,2.7198,1.5221,0
2,2.7033,1.4777,0
2,2.6998,1.4666,0
2,2.6953,1.4554,0
2,2.6908,1.4443,0
2,2.6881,1.4332,0
2,2.6830,1.4221,0
2,2.6786,1.4110,0
2,2.6754,1.3999,0
2,2.6690,1.3888,0
2,2.6657,1.3776,0
2,2.6603,1.3665,0
2,2.6562,1.3554,0
2,2.6519,1.3443,0
2,2.6460,1.3332,0
2,2.6426,1.3221,0
2,2.6365,1.3109,0
2,2.6326,1.2998,0
2,2.6278,1.2887,0
2,2.6224,1.2776,0
2,2.6176,1.2665,0
2,2.6121,1.2554,0
2,2.6074,1.2443,0
2,2.6021,1.2331,0
2,2.5981,1.2220,0
2,2.5917,1.2109,0
2,2.5877,1.1998,0
2,2.5810,1.1887,0
2,2.5764,1.1776,0
2,2.5704,1.1664,0
2,2.5666,1.1553,0
2,2.5612,1.1442,0
2,2.5556,1.1331,0
2,2.5509,1.1220,0
2,2.5458,1.1109,0
2,2.5402,1.0998,0
2,2.5349,1.0886,0
2,2.5287,1.0775,1
2,2.5188,1.0664,0
2,2.5088,1.0553,1
2,2.5089,1.0442,1
2,2.5062,1.0331,1
2,2.4993,1.0220,1
2,2.4772,0.9775,1
2,2.4735,0.9664,1
2,2.4652,0.9553,1
2,2.4610,0.9441,1
2,2.4419,0.9330,1
2,2.4357,0.9219,1
2,2.4311,0.9108,1
2,2.4284,0.8997,1
2,2.4235,0.8886,1
2,2.4209,0.8775,1
2,2.4135,0.8663,1
2,2.4077,0.8552,1
2,2.4025,0.8441,1
2,2.3986,0.8330,1
2,2.3931,0.8219,1
2,2.3888,0.8108,1
2,2.3846,0.7997,1
2,2.3776,0.7885,1
2,2.3749,0.7774,1
2,2.3684,0.7663,1
2,2.3636,0.7552,1
2,2.3602,0.7441,1
2,2.3535,0.7330,1
2,2.3494,0.7218,1
2,2.3449,0.7107,1
2,2.3382,0.6996,1
2,2.3344,0.6885,1
2,2.3272,0.6774,1
2,2.3218,0.6663,1
2,2.3146,0.6552,1
2,2.3082,0.6440,1
2,2.3017,0.6329,1
2,2.2949,0.6218,1
2,2.2894,0.6107,1
2,2.2927,0.5996,1
2,2.2864,0.5885,1
2,2.2799,0.5774,1
2,2.2744,0.5662,1
2,2.2695,0.5551,1
2,2.2626,0.5440,1
2,2.2587,0.5329,1
2,2.2519,0.5218,1
2,2.2301,0.4773,1
2,2.2244,0.4662,1
2,2.2172,0.4551,1
2,2.2119,0.4440,1
2,2.2059,0.4329,1
2,2.2002,0.4217,1
2,2.1937,0.4106,1
2,2.1879,0.3995,1
2,2.1814,0.3884,1
2,2.1763,0.3773,1
2,2.1694,0.3662,1
2,2.1636,0.3551,1
2,2.1564,0.3439,1
2,2.1497,0.3328,1
2,2.1432,0.3217,1
2,2.1362,0.3106,1
2,2.1295,0.2995,1
2,2.1220,0.2884,1
2,2.1155,0.2772,1
2,2.1081,0.2661,1
2,2.1000,0.2550,1
2,2.0939,0.2439,1
2,2.0857,0.2328,1
2,2.0740,0.2217,1
2,2.0685,0.2106,1
2,2.0611,0.1994,1
2,2.0521,0.1883,1
2,2.0433,0.1772,1
2,2.0342,0.1661,1
2,2.0250,0.1550,1
2,2.0160,0.1439,1
2,2.0043,0.1328,1
2,1.9929,0.1216,1
2,1.9807,0.1105,1
2,1.9685,0.0994,1
2,1.9617,0.0883,1
2,1.9344,0.0772,1
2,0.6345,0.0006,2
2,0.6456,0.0006,2
2,0.6567,0.0006,2
2,0.6678,0.0006,2
2,0.6789,0.0006,2
2,0.6900,0.0006,2
2,0.7011,0.0006,2
2,0.7123,0.0006,2
2,0.7234,0.0006,2
2,0.7345,0.0006,2
2,0.7456,0.0006,2
2,0.7567,0.0006,2
2,0.7678,0.0006,2
2,0.7789,0.0006,2
2,0.7900,0.0006,2
2,0.8011,0.0006,2
2,0.8122,0.0006,2
2,0.8234,0.0006,2
2,0.8345,0.0006,2
2,0.8456,0.0006,2
2,0.8567,0.0006,2
2,0.8678,0.0006,2
2,0.8789,0.0006,2
2,0.8900,0.0006,2
2,0.9011,0.0006,2
2,0.9122,0.0006,2
2,0.9234,0.0006,2
2,0.9345,0.0006,2
2,0.9456,0.0006,2
2,0.9567,0.0006,2
2,0.9678,0.0006,2
2,0.9789,0.0006,2
2,0.9900,0.0006,2
2,1.0011,0.0006,2
2,1.0122,0.0006,2
2,1.0234,0.0006,2
2,1.0345,0.0006,2
2,1.0456,0.0006,2
2,1.0567,0.0006,2
2,1.0678,0.0006,2
2,1.0789,0.0006,2
2,1.1233,0.0006,2
2,1.1345,0.0006,2
2,1.1456,0.0006,2
2,1.1567,0.0006,2
2,1.1678,0.0006,2
2,1.1789,0.0006,2
2,1.1900,0.0006,2
2,1.2011,0.0006,2
2,1.2122,0.0006,2
2,1.2233,0.0006,2
2,1.2345,0.0006,2
2,1.2456,0.0006,2
2,1.2567,0.0006,2
2,1.2678,0.0006,2
2,1.2789,0.0006,2
2,1.2900,0.0047,2
2,1.3011,0.0038,2
2,1.3122,0.0043,2
2,1.3233,0.0044,2
2,1.3344,0.0045,2
2,1.3456,0.0043,2
2,1.3567,0.0043,2
2,1.3678,0.0043,2
2,1.3789,0.0043,2
2,1.3900,0.0043,2
2,1.4011,0.0043,2
2,1.4122,0.0043,2
2,1.4233,0.0043,2
2,1.4344,0.0043,2
2,1.4456,0.0043,2
2,1.4567,0.0043,2
2,1.4678,0.0043,2
2,1.4789,0.0043,2
2,1.4900,0.0043,2
2,1.5011,0.0043,2
2,1.5122,0.0043,2
2,1.5233,0.0042,2
2,1.5344,0.0043,2
2,1.5455,0.0039,2
2,1.5567,0.0044,2
2,1.5678,0.0047,2
2,1.5789,0.0040,2
2,1.6233,0.0043,2
2,1.6344,0.0043,2
2,1.6455,0.0043,2
2,1.6567,0.0043,2
2,1.6678,0.0043,2
2,1.6789,0.0043,2
2,1.6900,0.0043,2
2,1.7011,0.0034,2
2,1.7122,0.0043,2
2,1.7233,0.0061,2
2,1.7344,0.0079,2
2,1.7455,0.0083,2
2,1.7566,0.0090,2
2,1.7678,0.0108,2
2,1.7789,0.0122,2
2,1.7900,0.0143,2
2,1.8011,0.0197,2
2,1.8122,0.0233,2
2,1.8233,0.0245,2
2,1.8344,0.0270,2
2,1.8455,0.0325,2
2,1.8566,0.0351,2
2,1.8678,0.0363,2
2,1.8789,0.0402,2
2,1.8900,0.0462,2
2,1.9011,0.0483,2
2,1.9122,0.0549,2
2,1.9233,0.0575,2
2,1.9344,0.0616,2
1,3.2162,2.1779,0
1,3.1992,2.1668,0
1,3.1842,2.1557,0
1,3.1710,2.1446,0
1,3.1583,2.1335,0
1,3.1481,2.1223,0
1,3.1367,2.1112,0
1,3.1264,2.1001,0
1,3.1106,2.0890,0
1,3.1058,2.0779,0
1,3.1003,2.0668,0
1,3.0930,2.0557,0
1,3.0867,2.0445,0
1,3.0782,2.0334,0
1,3.0722,2.0223,0
1,3.0460,1.9778,0
1,3.0419,1.9667,0
1,3.0349,1.9556,0
1,3.0293,1.9445,0
1,3.0169,1.9334,0
1,3.0148,1.9223,0
1,3.0120,1.9112,0
1,3.0092,1.9000,0
1,3.0024,1.8889,0
1,2.9985,1.8778,0
1,2.9920,1.8667,0
1,2.9883,1.8556,0
1,2.9871,1.8445,0
1,2.9831,1.8334,0
1,2.9824,1.8222,0
1,2.9686,1.8111,0
1,2.9650,1.8000,0
1,2.9590,1.7889,0
1,2.9553,1.7778,0
1,2.9493,1.7667,0
1,2.9445,1.7555,0
1,2.9407,1.7444,0
1,2.9344,1.7333,0
1,2.9311,1.7222,0
1,2.9247,1.7111,0
1,2.9211,1.7000,0
1,2.9162,1.6889,0
1,2.9110,1.6777,0
1,2.9065,1.6666,0
1,2.9008,1.6555,0
1,2.8975,1.6444,0
1,2.8907,1.6333,0
1,2.8871,1.6222,0
1,2.8800,1.6111,0
1,2.8764,1.5999,0
1,2.8689,1.5888,0
1,2.8651,1.5777,0
1,2.8586,1.5666,0
1,2.8547,1.5555,0
1,2.8479,1.5444,0
1,2.8422,1.5332,0
1,2.8353,1.5221,0
1,2.8104,1.4777,0
1,2.8030,1.4666,0
1,2.7980,1.4554,0
1,2.7895,1.4443,0
1,2.7827,1.4332,0
1,2.7773,1.4221,0
1,2.7686,1.4110,0
1,2.7639,1.3999,0
1,2.7559,1.3888,0
1,2.7543,1.3776,0
1,2.7449,1.3665,0
1,2.7371,1.3554,0
1,2.7287,1.3443,1
1,2.7196,1.3332,1
1,2.7128,1.3221,1
1,2.7075,1.3109,1
1,2.6987,1.2998,1
1,2.6948,1.2887,1
1,2.6865,1.2776,1
1,2.6804,1.2665,1
1,2.6740,1.2554,1
1,2.6655,1.2443,1
1,2.6614,1.2331,1
1,2.6537,1.2220,1
1,2.6490,1.2109,1
1,2.6412,1.1998,1
1,2.6338,1.1887,1
1,2.6284,1.1776,1
1,2.6211,1.1664,1
1,2.6151,1.1553,1
1,2.6078,1.1442,1
1,2.6004,1.1331,1
1,2.5948,1.1220,1
1,2.5865,1.1109,1
1,2.5831,1.0998,1
1,2.5733,1.0886,1
1,2.5553,1.0775,1
1,2.5603,1.0664,1
1,2.5369,1.0553,1
1,2.5181,1.0442,1
1,2.5306,1.0331,1
1,2.5234,1.0220,1
1,2.4984,0.9775,1
1,2.4939,0.9664,1
1,2.4857,0.9553,1
1,2.4805,0.9441,1
1,2.4654,0.9330,1
1,2.4584,0.9219,1
1,2.4533,0.9108,1
1,2.4494,0.8997,1
1,2.4460,0.8886,1
1,2.4442,0.8775,1
1,2.4319,0.8663,1
1,2.4254,0.8552,1
1,2.4197,0.8441,1
1,2.4145,0.8330,1
1,2.4087,0.8219,1
1,2.4035,0.8108,1
1,2.3980,0.7997,1
1,2.3905,0.7885,1
1,2.3868,0.7774,1
1,2.3799,0.7663,1
1,2.3739,0.7552,1
1,2.3697,0.7441,1
1,2.3627,0.7330,1
1,2.3573,0.7218,1
1,2.3523,0.7107,1
1,2.3452,0.6996,1
1,2.3404,0.6885,1
1,2.3335,0.6774,1
1,2.3271,0.6663,1
1,2.3201,0.6552,1
1,2.3135,0.6440,1
1,2.3062,0.6329,1
1,2.3002,0.6218,1
1,2.2940,0.6107,1
1,2.2877,0.5996,1
1,2.2818,0.5885,1
1,2.2749,0.5774,1
1,2.2687,0.5662,1
1,2.2635,0.5551,1
1,2.2563,0.5440,1
1,2.2524,0.5329,1
1,2.2452,0.5218,1
1,2.2219,0.4773,1
1,2.2152,0.4662,1
1,2.2077,0.4551,1
1,2.2024,0.4440,1
1,2.1958,0.4329,1
1,2.1895,0.4217,1
1,2.1833,0.4106,1
1,2.1767,0.3995,1
1,2.1697,0.3884,1
1,2.1640,0.3773,1
1,2.1563,0.3662,1
1,2.1498,0.3551,1
1,2.1427,0.3439,1
1,2.1356,0.3328,1
1,2.1285,0.3217,1
1,2.1208,0.3106,1
1,2.1138,0.2995,1
1,2.1060,0.2884,1
1,2.0988,0.2772,1
1,2.0909,0.2661,1
1,2.0827,0.2550,1
1,2.0762,0.2439,1
1,2.0678,0.2328,1
1,2.0523,0.2217,1
1,2.0487,0.2106,1
1,2.0427,0.1994,1
1,2.0337,0.1883,1
1,2.0246,0.1772,1
1,2.0152,0.1661,1
1,2.0060,0.1550,1
1,1.9973,0.1439,1
1,1.9852,0.1328,1
1,1.9735,0.1216,1
1,1.9600,0.1105,1
1,1.9453,0.0994,1
1,1.9323,0.0883,1
1,1.9059,0.0772,1
1,0.6060,0.0006,2
1,0.6171,0.0006,2
1,0.6282,0.0006,2
1,0.6393,0.0006,2
1,0.6504,0.0006,2
1,0.6616,0.0006,2
1,0.6727,0.0006,2
1,0.6838,0.0006,2
1,0.6949,0.0006,2
1,0.7060,0.0006,2
1,0.7171,0.0006,2
1,0.7282,0.0006,2
1,0.7393,0.0006,2
1,0.7504,0.0006,2
1,0.7615,0.0006,2
1,0.7727,0.0006,2
1,0.7838,0.0006,2
1,0.7949,0.0006,2
1,0.8060,0.0006,2
1,0.8171,0.0006,2
1,0.8282,0.0006,2
1,0.8393,0.0006,2
1,0.8504,0.0006,2
1,0.8615,0.0006,2
1,0.8727,0.0006,2
1,0.8838,0.0006,2
1,0.8949,0.0006,2
1,0.9060,0.0006,2
1,0.9171,0.0006,2
1,0.9282,0.0006,2
1,0.9393,0.0006,2
1,0.9504,0.0006,2
1,0.9615,0.0006,2
1,0.9726,0.0006,2
1,0.9838,0.0006,2
1,0.9949,0.0006,2
1,1.0060,0.0006,2
1,1.0171,0.0006,2
1,1.0282,0.0006,2
1,1.0393,0.0006,2
1,1.0504,0.0006,2
1,1.0949,0.0006,2
1,1.1060,0.0006,2
1,1.1171,0.0006,2
1,1.1282,0.0006,2
1,1.1393,0.0006,2
1,1.1504,0.0006,2
1,1.1615,0.0006,2
1,1.1726,0.0006,2
1,1.1837,0.0006,2
1,1.1949,0.0006,2
1,1.2060,0.0006,2
1,1.2171,0.0006,2
1,1.2282,0.0006,2
1,1.2393,0.0006,2
1,1.2504,0.0006,2
1,1.2615,0.0047,2
1,1.2726,0.0038,2
1,1.2837,0.0043,2
1,1.2949,0.0044,2
1,1.3060,0.0045,2
1,1.3171,0.0043,2
1,1.3282,0.0043,2
1,1.3393,0.0043,2
1,1.3504,0.0043,2
1,1.3615,0.0043,2
1,1.3726,0.0043,2
1,1.3837,0.0043,2
1,1.3948,0.0043,2
1,1.4060,0.0043,2
1,1.4171,0.0043,2
1,1.4282,0.0043,2
1,1.4393,0.0043,2
1,1.4504,0.0043,2
1,1.4615,0.0043,2
1,1.4726,0.0043,2
1,1.4837,0.0043,2
1,1.4948,0.0042,2
1,1.5060,0.0043,2
1,1.5171,0.0039,2
1,1.5282,0.0044,2
1,1.5393,0.0047,2
1,1.5504,0.0040,2
1,1.5948,0.0043,2
1,1.6060,0.0043,2
1,1.6171,0.0043,2
1,1.6282,0.0043,2
1,1.6393,0.0043,2
1,1.6504,0.0043,2
1,1.6615,0.0043,2
1,1.6726,0.0034,2
1,1.6837,0.0043,2
1,1.6948,0.0061,2
1,1.7059,0.0079,2
1,1.7171,0.0083,2
1,1.7282,0.0090,2
1,1.7393,0.0108,2
1,1.7504,0.0122,2
1,1.7615,0.0143,2
1,1.7726,0.0197,2
1,1.7837,0.0233,2
1,1.7948,0.0245,2
1,1.8059,0.0270,2
1,1.8171,0.0325,2
1,1.8282,0.0351,2
1,1.8393,0.0363,2
1,1.8504,0.0402,2
1,1.8615,0.0462,2
1,1.8726,0.0483,2
1,1.8837,0.0549,2
1,1.8948,0.0575,2
1,1.9059,0.0616,2
0,3.4503,2.1779,0
0,3.4309,2.1668,0
0,3.4141,2.1557,0
0,3.4028,2.1446,0
0,3.3901,2.1335,0
0,3.3805,2.1223,0
0,3.3716,2.1112,0
0,3.3627,2.1001,0
0,3.3543,2.0890,0
0,3.3407,2.0779,0
0,3.3370,2.0668,0
0,3.3290,2.0557,0
0,3.3216,2.0445,0
0,3.3131,2.0334,0
0,3.3063,2.0223,0
0,3.2783,1.9778,0
0,3.2699,1.9667,0
0,3.2640,1.9556,0
0,3.2560,1.9445,0
0,3.2499,1.9334,0
0,3.2433,1.9223,0
0,3.2358,1.9112,0
0,3.2301,1.9000,0
0,3.2232,1.8889,0
0,3.2167,1.8778,0
0,3.2105,1.8667,0
0,3.2027,1.8556,0
0,3.1967,1.8445,0
0,3.1888,1.8334,0
0,3.1806,1.8222,0
0,3.1721,1.8111,0
0,3.1653,1.8000,0
0,3.1562,1.7889,0
0,3.1474,1.7778,0
0,3.1399,1.7667,0
0,3.1316,1.7555,0
0,3.1217,1.7444,0
0,3.1122,1.7333,0
0,3.1037,1.7222,0
0,3.0934,1.7111,0
0,3.0843,1.7000,0
0,3.0738,1.6889,0
0,3.0629,1.6777,0
0,3.0521,1.6666,0
0,3.0432,1.6555,0
0,3.0322,1.6444,0
0,3.0189,1.6333,0
0,3.0118,1.6222,0
0,3.0018,1.6111,0
0,2.9856,1.5999,1
0,2.9762,1.5888,1
0,2.9660,1.5777,1
0,2.9539,1.5666,1
0,2.9447,1.5555,1
0,2.9348,1.5444,1
0,2.9240,1.5332,1
0,2.9155,1.5221,1
0,2.8746,1.4777,1
0,2.8646,1.4666,1
0,2.8533,1.4554,1
0,2.8434,1.4443,1
0,2.8347,1.4332,1
0,2.8260,1.4221,1
0,2.8188,1.4110,1
0,2.8091,1.3999,1
0,2.7994,1.3888,1
0,2.7926,1.3776,1
0,2.7846,1.3665,1
0,2.7713,1.3554,1
0,2.7546,1.3443,1
0,2.7455,1.3332,1
0,2.7388,1.3221,1
0,2.7325,1.3109,1
0,2.7239,1.2998,1
0,2.7186,1.2887,1
0,2.7112,1.2776,1
0,2.7040,1.2665,1
0,2.6979,1.2554,1
0,2.6895,1.2443,1
0,2.6838,1.2331,1
0,2.6771,1.2220,1
0,2.6709,1.2109,1
0,2.6638,1.1998,1
0,2.6567,1.1887,1
0,2.6503,1.1776,1
0,2.6439,1.1664,1
0,2.6366,1.1553,1
0,2.6289,1.1442,1
0,2.6220,1.1331,1
0,2.6154,1.1220,1
0,2.6075,1.1109,1
0,2.6031,1.0998,1
0,2.5940,1.0886,1
0,2.5819,1.0775,1
0,2.5807,1.0664,1
0,2.5649,1.0553,1
0,2.5486,1.0442,1
0,2.5551,1.0331,1
0,2.5476,1.0220,1
0,2.5197,0.9775,1
0,2.5143,0.9664,1
0,2.5062,0.9553,1
0,2.4999,0.9441,1
0,2.4889,0.9330,1
0,2.4812,0.9219,1
0,2.4755,0.9108,1
0,2.4704,0.8997,1
0,2.4686,0.8886,1
0,2.4675,0.8775,1
0,2.4502,0.8663,1
0,2.4430,0.8552,1
0,2.4369,0.8441,1
0,2.4305,0.8330,1
0,2.4243,0.8219,1
0,2.4182,0.8108,1
0,2.4114,0.7997,1
0,2.4034,0.7885,1
0,2.3986,0.7774,1
0,2.3914,0.7663,1
0,2.3842,0.7552,1
0,2.3791,0.7441,1
0,2.3719,0.7330,1
0,2.3652,0.7218,1
0,2.3597,0.7107,1
0,2.3522,0.6996,1
0,2.3464,0.6885,1
0,2.3397,0.6774,1
0,2.3323,0.6663,1
0,2.3255,0.6552,1
0,2.3187,0.6440,1
0,2.3106,0.6329,1
0,2.3055,0.6218,1
0,2.2986,0.6107,1
0,2.2826,0.5996,1
0,2.2772,0.5885,1
0,2.2700,0.5774,1
0,2.2631,0.5662,1
0,2.2576,0.5551,1
0,2.2500,0.5440,1
0,2.2460,0.5329,1
0,2.2384,0.5218,1
0,2.2137,0.4773,1
0,2.2060,0.4662,1
0,2.1981,0.4551,1
0,2.1929,0.4440,1
0,2.1858,0.4329,1
0,2.1788,0.4217,1
0,2.1730,0.4106,1
0,2.1655,0.3995,1
0,2.1580,0.3884,1
0,2.1516,0.3773,1
0,2.1431,0.3662,1
0,2.1359,0.3551,1
0,2.1289,0.3439,1
0,2.1214,0.3328,1
0,2.1138,0.3217,1
0,2.1054,0.3106,1
0,2.0982,0.2995,1
0,2.0900,0.2884,1
0,2.0821,0.2772,1
0,2.0737,0.2661,1
0,2.0654,0.2550,1
0,2.0585,0.2439,1
0,2.0500,0.2328,1
0,2.0306,0.2217,1
0,2.0289,0.2106,1
0,2.0243,0.1994,1
0,2.0152,0.1883,1
0,2.0059,0.1772,1
0,1.9962,0.1661,1
0,1.9870,0.1550,1
0,1.9786,0.1439,1
0,1.9661,0.1328,1
0,1.9540,0.1216,1
0,1.9393,0.1105,1
0,1.9222,0.0994,1
0,1.9029,0.0883,1
0,1.8775,0.0772,1
0,0.5775,0.0006,2
0,0.5886,0.0006,2
0,0.5997,0.0006,2
0,0.6108,0.0006,2
0,0.6220,0.0006,2
0,0.6331,0.0006,2
0,0.6442,0.0006,2
0,0.6553,0.0006,2
0,0.6664,0.0006,2
0,0.6775,0.0006,2
0,0.6886,0.0006,2
0,0.6997,0.0006,2
0,0.7108,0.0006,2
0,0.7220,0.0006,2
0,0.7331,0.0006,2
0,0.7442,0.0006,2
0,0.7553,0.0006,2
0,0.7664,0.0006,2
0,0.7775,0.0006,2
0,0.7886,0.0006,2
0,0.7997,0.0006,2
0,0.8108,0.0006,2
0,0.8219,0.0006,2
0,0.8331,0.0006,2
0,0.8442,0.0006,2
0,0.8553,0.0006,2
0,0.8664,0.0006,2
0,0.8775,0.0006,2
0,0.8886,0.0006,2
0,0.8997,0.0006,2
0,0.9108,0.0006,2
0,0.9219,0.0006,2
0,0.9331,0.0006,2
0,0.9442,0.0006,2
0,0.9553,0.0006,2
0,0.9664,0.0006,2
0,0.9775,0.0006,2
0,0.9886,0.0006,2
0,0.9997,0.0006,2
0,1.0108,0.0006,2
0,1.0219,0.0006,2
0,1.0664,0.0006,2
0,1.0775,0.0006,2
0,1.0886,0.0006,2
0,1.0997,0.0006,2
0,1.1108,0.0006,2
0,1.1219,0.0006,2
0,1.1330,0.0006,2
0,1.1442,0.0006,2
0,1.1553,0.0006,2
0,1.1664,0.0006,2
0,1.1775,0.0006,2
0,1.1886,0.0006,2
0,1.1997,0.0006,2
0,1.2108,0.0006,2
0,1.2219,0.0006,2
0,1.2330,0.0047,2
0,1.2441,0.0038,2
0,1.2553,0.0043,2
0,1.2664,0.0044,2
0,1.2775,0.0045,2
0,1.2886,0.0043,2
0,1.2997,0.0043,2
0,1.3108,0.0043,2
0,1.3219,0.0043,2
0,1.3330,0.0043,2
0,1.3441,0.0043,2
0,1.3553,0.0043,2
0,1.3664,0.0043,2
0,1.3775,0.0043,2
0,1.3886,0.0043,2
0,1.3997,0.0043,2
0,1.4108,0.0043,2
0,1.4219,0.0043,2
0,1.4330,0.0043,2
0,1.4441,0.0043,2
0,1.4553,0.0043,2
0,1.4664,0.0042,2
0,1.4775,0.0043,2
0,1.4886,0.0039,2
0,1.4997,0.0044,2
0,1.5108,0.0047,2
0,1.5219,0.0040,2
0,1.5664,0.0043,2
0,1.5775,0.0043,2
0,1.5886,0.0043,2
0,1.5997,0.0043,2
0,1.6108,0.0043,2
0,1.6219,0.0043,2
0,1.6330,0.0043,2
0,1.6441,0.0034,2
0,1.6552,0.0043,2
0,1.6664,0.0061,2
0,1.6775,0.0079,2
0,1.6886,0.0083,2
0,1.6997,0.0090,2
0,1.7108,0.0108,2
0,1.7219,0.0122,2
0,1.7330,0.0143,2
0,1.7441,0.0197,2
0,1.7552,0.0233,2
0,1.7663,0.0245,2
0,1.7775,0.0270,2
0,1.7886,0.0325,2
0,1.7997,0.0351,2
0,1.8108,0.0363,2
0,1.8219,0.0402,2
0,1.8330,0.0462,2
0,1.8441,0.0483,2
0,1.8552,0.0549,2
0,1.8663,0.0575,2
0,1.8775,0.0616,2
00,3.6752,2.1779,0
00,3.6643,2.1668,0
00,3.6535,2.1557,0
00,3.6439,2.1446,0
00,3.6338,2.1335,0
00,3.6251,2.1223,0
00,3.6180,2.1112,0
00,3.6111,2.1001,0
00,3.5960,2.0890,0
00,3.5937,2.0779,0
00,3.5888,2.0668,0
00,3.5850,2.0557,0
00,3.5777,2.0445,0
00,3.5710,2.0334,0
00,3.5665,2.0223,0
00,3.5415,1.9778,0
00,3.5335,1.9667,0
00,3.5182,1.9556,0
00,3.5155,1.9445,0
00,3.5106,1.9334,0
00,3.5027,1.9223,0
00,3.4948,1.9112,0
00,3.4855,1.9000,0
00,3.4816,1.8889,0
00,3.4656,1.8778,0
00,3.4550,1.8667,0
00,3.4436,1.8556,0
00,3.4318,1.8445,0
00,3.4197,1.8334,0
00,3.4076,1.8222,0
00,3.3956,1.8111,0
00,3.3836,1.8000,0
00,3.3691,1.7889,0
00,3.3553,1.7778,0
00,3.3391,1.7667,0
00,3.3226,1.7555,0
00,3.3080,1.7444,0
00,3.2878,1.7333,0
00,3.2695,1.7222,0
00,3.2488,1.7111,0
00,3.2293,1.7000,0
00,3.2092,1.6889,0
00,3.1888,1.6777,0
00,3.1683,1.6666,0
00,3.1497,1.6555,0
00,3.1292,1.6444,0
00,3.1090,1.6333,0
00,3.0885,1.6222,0
00,3.0695,1.6111,0
00,3.0644,1.5999,1
00,3.0465,1.5888,1
00,3.0287,1.5777,1
00,3.0108,1.5666,1
00,2.9939,1.5555,1
00,2.9911,1.5444,1
00,2.9597,1.5332,1
00,2.9447,1.5221,1
00,2.8927,1.4777,1
00,2.8809,1.4666,1
00,2.8720,1.4554,1
00,2.8597,1.4443,1
00,2.8494,1.4332,1
00,2.8403,1.4221,1
00,2.8325,1.4110,1
00,2.8242,1.3999,1
00,2.8137,1.3888,1
00,2.8053,1.3776,1
00,2.7982,1.3665,1
00,2.7892,1.3554,1
00,2.7805,1.3443,1
00,2.7714,1.3332,1
00,2.7648,1.3221,1
00,2.7575,1.3109,1
00,2.7491,1.2998,1
00,2.7424,1.2887,1
00,2.7359,1.2776,1
00,2.7276,1.2665,1
00,2.7217,1.2554,1
00,2.7135,1.2443,1
00,2.7063,1.2331,1
00,2.7006,1.2220,1
00,2.6927,1.2109,1
00,2.6863,1.1998,1
00,2.6796,1.1887,1
00,2.6722,1.1776,1
00,2.6667,1.1664,1
00,2.6582,1.1553,1
00,2.6499,1.1442,1
00,2.6436,1.1331,1
00,2.6359,1.1220,1
00,2.6285,1.1109,1
00,2.6231,1.0998,1
00,2.6147,1.0886,1
00,2.6085,1.0775,1
00,2.6011,1.0664,1
00,2.5930,1.0553,1
00,2.5865,1.0442,1
00,2.5795,1.0331,1
00,2.5717,1.0220,1
00,2.5410,0.9775,1
00,2.5347,0.9664,1
00,2.5266,0.9553,1
00,2.5194,0.9441,1
00,2.5123,0.9330,1
00,2.5039,0.9219,1
00,2.4977,0.9108,1
00,2.4913,0.8997,1
00,2.4912,0.8886,1
00,2.4909,0.8775,1
00,2.4685,0.8663,1
00,2.4607,0.8552,1
00,2.4541,0.8441,1
00,2.4465,0.8330,1
00,2.4399,0.8219,1
00,2.4329,0.8108,1
00,2.4248,0.7997,1
00,2.4163,0.7885,1
00,2.4105,0.7774,1
00,2.4029,0.7663,1
00,2.3946,0.7552,1
00,2.3886,0.7441,1
00,2.3811,0.7330,1
00,2.3731,0.7218,1
00,2.3671,0.7107,1
00,2.3593,0.6996,1
00,2.3524,0.6885,1
00,2.3460,0.6774,1
00,2.3375,0.6663,1
00,2.3309,0.6552,1
00,2.3240,0.6440,1
00,2.3151,0.6329,1
00,2.3108,0.6218,1
00,2.3032,0.6107,1
00,2.2775,0.5996,1
00,2.2726,0.5885,1
00,2.2650,0.5774,1
00,2.2575,0.5662,1
00,2.2517,0.5551,1
00,2.2437,0.5440,1
00,2.2397,0.5329,1
00,2.2317,0.5218,1
00,2.2055,0.4773,1
00,2.1969,0.4662,1
00,2.1885,0.4551,1
00,2.1834,0.4440,1
00,2.1758,0.4329,1
00,2.1681,0.4217,1
00,2.1627,0.4106,1
00,2.1542,0.3995,1
00,2.1463,0.3884,1
00,2.1393,0.3773,1
00,2.1300,0.3662,1
00,2.1221,0.3551,1
00,2.1152,0.3439,1
00,2.1073,0.3328,1
00,2.0991,0.3217,1
00,2.0900,0.3106,1
00,2.0825,0.2995,1
00,2.0741,0.2884,1
00,2.0654,0.2772,1
00,2.0565,0.2661,1
00,2.0481,0.2550,1
00,2.0409,0.2439,1
00,2.0321,0.2328,1
00,2.0089,0.2217,1
00,2.0091,0.2106,1
00,2.0058,0.1994,1
00,1.9967,0.1883,1
00,1.9871,0.1772,1
00,1.9773,0.1661,1
00,1.9680,0.1550,1
00,1.9599,0.1439,1
00,1.9470,0.1328,1
00,1.9345,0.1216,1
00,1.9186,0.1105,1
00,1.8990,0.0994,1
00,1.8735,0.0883,1
00,1.8490,0.0772,1
00,0.5490,0.0006,2
00,0.5601,0.0006,2
00,0.5713,0.0006,2
00,0.5824,0.0006,2
00,0.5935,0.0006,2
00,0.6046,0.0006,2
00,0.6157,0.0006,2
00,0.6268,0.0006,2
00,0.6379,0.0006,2
00,0.6490,0.0006,2
00,0.6601,0.0006,2
00,0.6712,0.0006,2
00,0.6824,0.0006,2
00,0.6935,0.0006,2
00,0.7046,0.0006,2
00,0.7157,0.0006,2
00,0.7268,0.0006,2
00,0.7379,0.0006,2
00,0.7490,0.0006,2
00,0.7601,0.0006,2
00,0.7712,0.0006,2
00,0.7824,0.0006,2
00,0.7935,0.0006,2
00,0.8046,0.0006,2
00,0.8157,0.0006,2
00,0.8268,0.0006,2
00,0.8379,0.0006,2
00,0.8490,0.0006,2
00,0.8601,0.0006,2
00,0.8712,0.0006,2
00,0.8823,0.0006,2
00,0.8935,0.0006,2
00,0.9046,0.0006,2
00,0.9157,0.0006,2
00,0.9268,0.0006,2
00,0.9379,0.0006,2
00,0.9490,0.0006,2
00,0.9601,0.0006,2
00,0.9712,0.0006,2
00,0.9823,0.0006,2
00,0.9935,0.0006,2
00,1.0379,0.0006,2
00,1.0490,0.0006,2
00,1.0601,0.0006,2
00,1.0712,0.0006,2
00,1.0823,0.0006,2
00,1.0935,0.0006,2
00,1.1046,0.0006,2
00,1.1157,0.0006,2
00,1.1268,0.0006,2
00,1.1379,0.0006,2
00,1.1490,0.0006,2
00,1.1601,0.0006,2
00,1.1712,0.0006,2
00,1.1823,0.0006,2
00,1.1934,0.0006,2
00,1.2046,0.0047,2
00,1.2157,0.0038,2
00,1.2268,0.0043,2
00,1.2379,0.0044,2
00,1.2490,0.0045,2
00,1.2601,0.0043,2
00,1.2712,0.0043,2
00,1.2823,0.0043,2
00,1.2934,0.0043,2
00,1.3046,0.0043,2
00,1.3157,0.0043,2
00,1.3268,0.0043,2
00,1.3379,0.0043,2
00,1.3490,0.0043,2
00,1.3601,0.0043,2
00,1.3712,0.0043,2
00,1.3823,0.0043,2
00,1.3934,0.0043,2
00,1.4045,0.0043,2
00,1.4157,0.0043,2
00,1.4268,0.0043,2
00,1.4379,0.0042,2
00,1.4490,0.0043,2
00,1.4601,0.0039,2
00,1.4712,0.0044,2
00,1.4823,0.0047,2
00,1.4934,0.0040,2
00,1.5379,0.0043,2
00,1.5490,0.0043,2
00,1.5601,0.0043,2
00,1.5712,0.0043,2
00,1.5823,0.0043,2
00,1.5934,0.0043,2
00,1.6045,0.0043,2
00,1.6156,0.0034,2
00,1.6268,0.0043,2
00,1.6379,0.0061,2
00,1.6490,0.0079,2
00,1.6601,0.0083,2
00,1.6712,0.0090,2
00,1.6823,0.0108,2
00,1.6934,0.0122,2
00,1.7045,0.0143,2
00,1.7156,0.0197,2
00,1.7268,0.0233,2
00,1.7379,0.0245,2
00,1.7490,0.0270,2
00,1.7601,0.0325,2
00,1.7712,0.0351,2
00,1.7823,0.0363,2
00,1.7934,0.0402,2
00,1.8045,0.0462,2
00,1.8156,0.0483,2
00,1.8267,0.0549,2
00,1.8379,0.0575,2
00,1.8490,0.0616,2
5,2.9639,2.2002,1
5,2.9491,2.1891,1
5,2.9401,2.1779,1
5,2.9356,2.1668,0
5,2.9309,2.1557,0
5,2.9227,2.1446,0
5,2.9167,2.1335,0
5,2.9118,2.1224,0
5,2.9064,2.1112,0
5,2.9003,2.1001,0
5,2.8973,2.0890,0
5,2.8907,2.0779,0
5,2.8876,2.0668,0
5,2.8834,2.0557,0
5,2.8803,2.0445,0
5,2.8769,2.0334,0
5,2.8760,2.0223,0
5,2.8639,1.9779,0
5,2.8617,1.9667,0
5,2.8601,1.9556,0
5,2.8570,1.9445,0
5,2.8550,1.9334,0
5,2.8514,1.9223,0
5,2.8486,1.9112,0
5,2.8459,1.9000,0
5,2.8435,1.8889,0
5,2.8392,1.8778,0
5,2.8373,1.8667,0
5,2.8347,1.8556,0
5,2.8327,1.8445,0
5,2.8299,1.8333,0
5,2.8269,1.8222,0
5,2.8236,1.8111,0
5,2.8214,1.8000,0
5,2.8182,1.7889,0
5,2.8160,1.7778,0
5,2.8126,1.7667,0
5,2.8104,1.7555,0
5,2.8085,1.7444,0
5,2.8056,1.7333,0
5,2.8025,1.7222,0
5,2.8003,1.7111,0
5,2.7983,1.7000,0
5,2.7953,1.6888,0
5,2.7939,1.6777,0
5,2.7784,1.5999,0
5,2.7765,1.5888,0
5,2.7752,1.5777,0
5,2.7721,1.5666,0
5,2.7695,1.5555,0
5,2.7693,1.5443,0
5,2.7687,1.5332,0
5,2.7677,1.5221,0
5,2.7636,1.4776,1
5,2.7617,1.4665,0
5,2.7617,1.4554,0
5,2.7603,1.4443,0
5,2.7599,1.4332,0
5,2.7569,1.4221,0
5,2.7531,1.4109,1
5,2.7519,1.3998,0
5,2.7512,1.3887,0
5,2.7505,1.3776,0
5,2.7488,1.3665,0
5,2.7481,1.3554,0
5,2.7441,1.3443,1
5,2.7420,1.3331,1
5,2.7410,1.3220,1
5,2.7397,1.3109,0
5,2.7397,1.2998,0
5,2.7379,1.2887,0
5,2.7314,1.2776,1
5,2.7310,1.2664,1
5,2.7296,1.2553,0
5,2.7290,1.2442,0
5,2.7280,1.2331,0
5,2.7231,1.2220,1
5,2.7202,1.2109,1
5,2.7198,1.1997,1
5,2.7186,1.1886,0
5,2.7172,1.1775,0
5,2.7162,1.1664,1
5,2.7130,1.1553,1
5,2.7137,1.1442,0
5,2.7083,1.1331,1
5,2.7064,1.1219,0
5,2.7057,1.1108,0
5,2.7045,1.0997,0
5,2.7030,1.0886,0
5,2.6980,1.0775,1
5,2.6968,1.0664,1
5,2.6967,1.0552,0
5,2.6950,1.0441,1
5,2.6935,1.0330,1
5,2.6902,1.0219,1
5,2.6846,0.9774,1
5,2.6835,0.9663,1
5,2.6817,0.9552,1
5,2.6785,0.9441,1
5,2.6760,0.9330,1
5,2.6749,0.9218,1
5,2.6743,0.9107,1
5,2.6731,0.8996,1
5,2.6717,0.8885,1
5,2.6678,0.8774,1
5,2.6648,0.8663,1
5,2.6633,0.8552,1
5,2.6623,0.8440,1
5,2.6608,0.8329,1
5,2.6567,0.8218,1
5,2.6534,0.8107,1
5,2.6529,0.7996,1
5,2.6524,0.7885,1
5,2.6509,0.7773,1
5,2.6458,0.7662,1
5,2.6427,0.7551,1
5,2.6418,0.7440,1
5,2.6405,0.7329,1
5,2.6387,0.7218,1
5,2.6359,0.7106,1
5,2.6330,0.6995,1
5,2.6307,0.6884,1
5,2.6295,0.6773,1
5,2.6278,0.6662,1
5,2.6224,0.6551,1
5,2.6196,0.6440,1
5,2.6193,0.6328,1
5,2.6182,0.6217,1
5,2.6163,0.6106,1
5,2.6116,0.5995,1
5,2.6093,0.5884,1
5,2.6079,0.5773,1
5,2.6065,0.5661,1
5,2.6036,0.5550,1
5,2.6004,0.5439,1
5,2.5975,0.5328,1
5,2.5965,0.5217,1
5,2.5861,0.4772,1
5,2.5854,0.4661,1
5,2.5829,0.4550,1
5,2.5808,0.4439,1
5,2.5803,0.4328,1
5,2.5785,0.4216,1
5,2.5753,0.4105,1
5,2.5719,0.3994,1
5,2.5705,0.3883,1
5,2.5697,0.3772,1
5,2.5692,0.3661,1
5,2.5663,0.3549,1
5,2.5628,0.3438,1
5,2.5596,0.3327,1
5,2.5585,0.3216,1
5,2.5579,0.3105,1
5,2.5542,0.2994,1
5,2.5493,0.2882,1
5,2.5482,0.2771,1
5,2.5466,0.2660,1
5,2.5438,0.2549,1
5,2.5377,0.2438,1
5,2.5357,0.2327,1
5,2.5340,0.2216,1
5,2.5300,0.2104,1
5,2.5255,0.1993,1
5,2.5234,0.1882,1
5,2.5168,0.1771,1
5,2.5106,0.1660,0
5,2.5074,0.1549,0
5,2.5011,0.1437,0
5,2.4947,0.1326,0
5,2.4875,0.1215,0
5,2.4807,0.1104,0
5,2.4648,0.0993,0
5,2.4502,0.0882,0
5,2.4335,0.0770,0
5,2.4136,0.0659,0
5,2.3930,0.0548,0
5,0.6708,0.0006,2
5,0.6819,0.0006,2
5,0.6930,0.0006,2
5,0.7041,0.0006,2
5,0.7152,0.0006,2
5,0.7263,0.0006,2
5,0.7374,0.0006,2
5,0.7485,0.0006,2
5,0.7597,0.0006,2
5,0.7708,0.0006,2
5,0.7819,0.0006,2
5,0.7930,0.0006,2
5,0.8041,0.0006,2
5,0.8152,0.0006,2
5,0.8263,0.0006,2
5,0.8374,0.0006,2
5,0.8485,0.0006,2
5,0.8597,0.0006,2
5,0.8708,0.0006,2
5,0.8819,0.0006,2
5,0.8930,0.0006,2
5,0.9041,0.0006,2
5,0.9152,0.0006,2
5,0.9263,0.0006,2
5,0.9374,0.0006,2
5,0.9485,0.0006,2
5,0.9597,0.0006,2
5,0.9708,0.0006,2
5,0.9819,0.0006,2
5,0.9930,0.0006,2
5,1.0041,0.0006,2
5,1.0152,0.0006,2
5,1.0263,0.0006,2
5,1.0374,0.0006,2
5,1.0485,0.0006,2
5,1.0597,0.0006,2
5,1.0708,0.0006,2
5,1.0819,0.0006,2
5,1.0930,0.0006,2
5,1.1041,0.0006,2
5,1.1152,0.0006,2
5,1.1597,0.0006,2
5,1.1708,0.0006,2
5,1.1819,0.0006,2
5,1.1930,0.0006,2
5,1.2041,0.0006,2
5,1.2152,0.0006,2
5,1.2263,0.0006,2
5,1.2374,0.0006,2
5,1.2486,0.0006,2
5,1.2597,0.0006,2
5,1.2708,0.0006,2
5,1.2819,0.0006,2
5,1.2930,0.0006,2
5,1.3041,0.0006,2
5,1.3152,0.0006,2
5,1.3263,0.0006,2
5,1.3374,0.0006,2
5,1.3486,0.0006,2
5,1.3597,0.0006,2
5,1.3708,0.0006,2
5,1.3819,0.0006,2
5,1.3930,0.0006,2
5,1.4041,0.0006,2
5,1.4152,0.0006,2
5,1.4263,0.0006,2
5,1.4374,0.0006,2
5,1.4486,0.0006,2
5,1.4597,0.0006,2
5,1.4708,0.0006,2
5,1.4819,0.0006,2
5,1.4930,0.0006,2
5,1.5041,0.0006,2
5,1.5152,0.0006,2
5,1.5263,0.0006,2
5,1.5374,0.0006,2
5,1.5486,0.0006,2
5,1.5597,0.0006,2
5,1.5708,0.0006,2
5,1.5819,0.0006,2
5,1.5930,0.0006,2
5,1.6041,0.0006,2
5,1.6152,0.0006,2
5,1.6597,0.0006,2
5,1.6708,0.0006,2
5,1.6819,0.0006,2
5,1.6930,0.0006,2
5,1.7041,0.0006,2
5,1.7152,0.0006,2
5,1.7263,0.0006,2
5,1.7375,0.0006,2
5,1.7486,0.0006,2
5,1.7597,0.0006,2
5,1.7708,0.0006,2
5,1.7819,0.0006,2
5,1.7930,0.0006,2
5,1.8041,0.0006,2
5,1.8152,0.0006,2
5,1.8263,0.0126,2
5,1.8375,0.0126,2
5,1.8486,0.0126,2
5,1.8597,0.0126,2
5,1.8708,0.0126,2
5,1.8819,0.0126,2
5,1.8930,0.0126,2
5,1.9041,0.0126,2
5,1.9152,0.0126,2
5,1.9263,0.0133,2
5,1.9375,0.0135,2
5,1.9486,0.0137,2
5,1.9597,0.0136,2
5,1.9708,0.0134,2
5,1.9819,0.0135,2
5,1.9930,0.0139,2
5,2.0041,0.0142,2
5,2.0152,0.0148,2
5,2.0264,0.0151,2
5,2.0375,0.0157,2
5,2.0486,0.0165,2
5,2.0597,0.0176,2
5,2.0708,0.0187,2
5,2.0819,0.0195,2
5,2.0930,0.0199,2
5,2.1041,0.0237,2
5,2.1152,0.0237,2
5,2.1597,0.0237,2
5,2.1708,0.0241,2
5,2.1819,0.0241,2
5,2.1930,0.0246,2
5,2.2041,0.0248,2
5,2.2152,0.0253,2
5,2.2264,0.0262,2
5,2.2375,0.0274,2
5,2.2486,0.0288,2
5,2.2597,0.0301,2
5,2.2708,0.0307,2
5,2.2819,0.0311,2
5,2.2930,0.0331,2
5,2.3041,0.0348,2
5,2.3152,0.0351,2
5,2.3264,0.0352,2
5,2.3375,0.0359,2
5,2.3486,0.0377,2
5,2.3597,0.0401,2
5,2.3708,0.0446,2
5,2.3819,0.0465,2
5,2.3930,0.0479,2
4,3.0792,2.2002,1
4,3.0317,2.1891,1
4,3.0063,2.1779,1
4,2.9834,2.1668,0
4,2.9817,2.1557,0
4,2.9676,2.1446,0
4,2.9642,2.1335,0
4,2.9572,2.1224,0
4,2.9535,2.1112,0
4,2.9460,2.1001,0
4,2.9432,2.0890,0
4,2.9383,2.0779,0
4,2.9330,2.0668,0
4,2.9297,2.0557,0
4,2.9239,2.0445,0
4,2.9210,2.0334,0
4,2.9178,2.0223,0
4,2.9060,1.9779,0
4,2.9048,1.9667,0
4,2.9007,1.9556,0
4,2.8989,1.9445,0
4,2.8961,1.9334,0
4,2.8933,1.9223,0
4,2.8895,1.9112,0
4,2.8881,1.9000,0
4,2.8864,1.8889,0
4,2.8841,1.8778,0
4,2.8805,1.8667,0
4,2.8787,1.8556,0
4,2.8763,1.8445,0
4,2.8730,1.8333,0
4,2.8710,1.8222,0
4,2.8679,1.8111,0
4,2.8659,1.8000,0
4,2.8638,1.7889,0
4,2.8617,1.7778,0
4,2.8593,1.7667,0
4,2.8563,1.7555,0
4,2.8545,1.7444,0
4,2.8518,1.7333,0
4,2.8491,1.7222,0
4,2.8465,1.7111,0
4,2.8452,1.7000,0
4,2.8428,1.6888,0
4,2.8408,1.6777,0
4,2.8252,1.5999,0
4,2.8222,1.5888,0
4,2.8199,1.5777,0
4,2.8172,1.5666,0
4,2.8169,1.5555,0
4,2.8146,1.5443,0
4,2.8116,1.5332,0
4,2.8094,1.5221,0
4,2.8027,1.4776,1
4,2.7993,1.4665,0
4,2.7972,1.4554,0
4,2.7960,1.4443,0
4,2.7939,1.4332,0
4,2.7938,1.4221,0
4,2.7919,1.4109,1
4,2.7867,1.3998,0
4,2.7856,1.3887,0
4,2.7841,1.3776,0
4,2.7838,1.3665,0
4,2.7825,1.3554,0
4,2.7810,1.3443,1
4,2.7800,1.3331,1
4,2.7797,1.3220,1
4,2.7741,1.3109,0
4,2.7719,1.2998,0
4,2.7705,1.2887,0
4,2.7698,1.2776,1
4,2.7691,1.2664,1
4,2.7638,1.2553,0
4,2.7623,1.2442,0
4,2.7618,1.2331,0
4,2.7600,1.2220,1
4,2.7585,1.2109,1
4,2.7581,1.1997,1
4,2.7530,1.1886,0
4,2.7523,1.1775,0
4,2.7517,1.1664,1
4,2.7482,1.1553,1
4,2.7477,1.1442,0
4,2.7469,1.1331,1
4,2.7428,1.1219,0
4,2.7409,1.1108,0
4,2.7385,1.0997,0
4,2.7379,1.0886,0
4,2.7365,1.0775,1
4,2.7356,1.0664,1
4,2.7299,1.0552,0
4,2.7305,1.0441,1
4,2.7264,1.0330,1
4,2.7251,1.0219,1
4,2.7154,0.9774,1
4,2.7146,0.9663,1
4,2.7136,0.9552,1
4,2.7118,0.9441,1
4,2.7078,0.9330,1
4,2.7043,0.9218,1
4,2.7030,0.9107,1
4,2.7020,0.8996,1
4,2.6979,0.8885,1
4,2.6950,0.8774,1
4,2.6928,0.8663,1
4,2.6914,0.8552,1
4,2.6897,0.8440,1
4,2.6865,0.8329,1
4,2.6823,0.8218,1
4,2.6808,0.8107,1
4,2.6785,0.7996,1
4,2.6752,0.7885,1
4,2.6713,0.7773,1
4,2.6697,0.7662,1
4,2.6676,0.7551,1
4,2.6647,0.7440,1
4,2.6604,0.7329,1
4,2.6584,0.7218,1
4,2.6577,0.7106,1
4,2.6537,0.6995,1
4,2.6485,0.6884,1
4,2.6473,0.6773,1
4,2.6452,0.6662,1
4,2.6404,0.6551,1
4,2.6368,0.6440,1
4,2.6361,0.6328,1
4,2.6337,0.6217,1
4,2.6278,0.6106,1
4,2.6250,0.5995,1
4,2.6231,0.5884,1
4,2.6171,0.5773,1
4,2.6147,0.5661,1
4,2.6136,0.5550,1
4,2.6102,0.5439,1
4,2.6049,0.5328,1
4,2.6030,0.5217,1
4,2.5910,0.4772,1
4,2.5869,0.4661,1
4,2.5822,0.4550,1
4,2.5753,0.4439,1
4,2.5741,0.4328,1
4,2.5709,0.4216,1
4,2.5662,0.4105,1
4,2.5638,0.3994,1
4,2.5625,0.3883,1
4,2.5577,0.3772,1
4,2.5532,0.3661,1
4,2.5522,0.3549,1
4,2.5497,0.3438,1
4,2.5442,0.3327,1
4,2.5418,0.3216,1
4,2.5392,0.3105,1
4,2.5334,0.2994,1
4,2.5304,0.2882,1
4,2.5275,0.2771,1
4,2.5088,0.2660,1
4,2.5088,0.2549,1
4,2.5086,0.2438,1
4,2.5064,0.2327,1
4,2.4990,0.2216,1
4,2.4917,0.2104,1
4,2.4857,0.1993,1
4,2.4766,0.1882,1
4,2.4681,0.1771,1
4,2.4643,0.1660,0
4,2.4541,0.1549,0
4,2.4436,0.1437,0
4,2.4306,0.1326,0
4,2.4171,0.1215,0
4,2.4004,0.1104,0
4,2.3820,0.0993,0
4,2.3608,0.0882,0
4,2.3361,0.0770,0
4,2.3077,0.0659,0
4,2.2746,0.0548,0
4,0.5524,0.0006,2
4,0.5635,0.0006,2
4,0.5746,0.0006,2
4,0.5857,0.0006,2
4,0.5968,0.0006,2
4,0.6079,0.0006,2
4,0.6190,0.0006,2
4,0.6301,0.0006,2
4,0.6412,0.0006,2
4,0.6524,0.0006,2
4,0.6635,0.0006,2
4,0.6746,0.0006,2
4,0.6857,0.0006,2
4,0.6968,0.0006,2
4,0.7079,0.0006,2
4,0.7190,0.0006,2
4,0.7301,0.0006,2
4,0.7412,0.0006,2
4,0.7524,0.0006,2
4,0.7635,0.0006,2
4,0.7746,0.0006,2
4,0.7857,0.0006,2
4,0.7968,0.0006,2
4,0.8079,0.0006,2
4,0.8190,0.0006,2
4,0.8301,0.0006,2
4,0.8412,0.0006,2
4,0.8524,0.0006,2
4,0.8635,0.0006,2
4,0.8746,0.0006,2
4,0.8857,0.0006,2
4,0.8968,0.0006,2
4,0.9079,0.0006,2
4,0.9190,0.0006,2
4,0.9301,0.0006,2
4,0.9412,0.0006,2
4,0.9524,0.0006,2
4,0.9635,0.0006,2
4,0.9746,0.0006,2
4,0.9857,0.0006,2
4,0.9968,0.0006,2
4,1.0413,0.0006,2
4,1.0524,0.0006,2
4,1.0635,0.0006,2
4,1.0746,0.0006,2
4,1.0857,0.0006,2
4,1.0968,0.0006,2
4,1.1079,0.0006,2
4,1.1190,0.0006,2
4,1.1301,0.0006,2
4,1.1413,0.0006,2
4,1.1524,0.0006,2
4,1.1635,0.0006,2
4,1.1746,0.0006,2
4,1.1857,0.0006,2
4,1.1968,0.0006,2
4,1.2079,0.0006,2
4,1.2190,0.0006,2
4,1.2301,0.0006,2
4,1.2413,0.0006,2
4,1.2524,0.0006,2
4,1.2635,0.0006,2
4,1.2746,0.0006,2
4,1.2857,0.0006,2
4,1.2968,0.0006,2
4,1.3079,0.0006,2
4,1.3190,0.0006,2
4,1.3301,0.0006,2
4,1.3413,0.0006,2
4,1.3524,0.0006,2
4,1.3635,0.0006,2
4,1.3746,0.0006,2
4,1.3857,0.0006,2
4,1.3968,0.0006,2
4,1.4079,0.0006,2
4,1.4190,0.0006,2
4,1.4302,0.0006,2
4,1.4413,0.0006,2
4,1.4524,0.0006,2
4,1.4635,0.0006,2
4,1.4746,0.0006,2
4,1.4857,0.0006,2
4,1.4968,0.0006,2
4,1.5413,0.0006,2
4,1.5524,0.0006,2
4,1.5635,0.0006,2
4,1.5746,0.0006,2
4,1.5857,0.0006,2
4,1.5968,0.0006,2
4,1.6079,0.0006,2
4,1.6190,0.0006,2
4,1.6302,0.0006,2
4,1.6413,0.0006,2
4,1.6524,0.0006,2
4,1.6635,0.0006,2
4,1.6746,0.0006,2
4,1.6857,0.0006,2
4,1.6968,0.0006,2
4,1.7079,0.0126,2
4,1.7190,0.0126,2
4,1.7302,0.0126,2
4,1.7413,0.0126,2
4,1.7524,0.0126,2
4,1.7635,0.0126,2
4,1.7746,0.0126,2
4,1.7857,0.0126,2
4,1.7968,0.0126,2
4,1.8079,0.0133,2
4,1.8190,0.0135,2
4,1.8302,0.0137,2
4,1.8413,0.0136,2
4,1.8524,0.0134,2
4,1.8635,0.0135,2
4,1.8746,0.0139,2
4,1.8857,0.0142,2
4,1.8968,0.0148,2
4,1.9079,0.0151,2
4,1.9191,0.0157,2
4,1.9302,0.0165,2
4,1.9413,0.0176,2
4,1.9524,0.0187,2
4,1.9635,0.0195,2
4,1.9746,0.0199,2
4,1.9857,0.0237,2
4,1.9968,0.0237,2
4,2.0413,0.0237,2
4,2.0524,0.0241,2
4,2.0635,0.0241,2
4,2.0746,0.0246,2
4,2.0857,0.0248,2
4,2.0968,0.0253,2
4,2.1079,0.0262,2
4,2.1191,0.0274,2
4,2.1302,0.0288,2
4,2.1413,0.0301,2
4,2.1524,0.0307,2
4,2.1635,0.0311,2
4,2.1746,0.0331,2
4,2.1857,0.0348,2
4,2.1968,0.0351,2
4,2.2079,0.0352,2
4,2.2191,0.0359,2
4,2.2302,0.0377,2
4,2.2413,0.0401,2
4,2.2524,0.0446,2
4,2.2635,0.0465,2
4,2.2746,0.0479,2
