wavelength_nm,relative_power (spektrafilm standard_illuminant)
380.000000,0.271155
385.000000,0.293363
390.000000,0.315409
395.000000,0.336981
400.000000,0.358678
405.000000,0.380520
410.000000,0.403013
415.000000,0.426787
420.000000,0.451652
425.000000,0.478065
430.000000,0.506671
435.000000,0.536658
440.000000,0.568077
445.000000,0.599922
450.000000,0.630515
455.000000,0.661222
460.000000,0.692091
465.000000,0.723665
470.000000,0.757601
475.000000,0.793069
480.000000,0.829085
485.000000,0.865485
490.000000,0.902213
495.000000,0.938990
500.000000,0.974700
505.000000,1.008742
510.000000,1.040917
515.000000,1.071556
520.000000,1.100911
525.000000,1.131926
530.000000,1.163899
535.000000,1.196365
540.000000,1.230339
545.000000,1.268295
550.000000,1.306852
555.000000,1.342863
560.000000,1.375710
565.000000,1.404628
570.000000,1.430895
575.000000,1.455403
580.000000,1.477179
585.000000,1.496412
590.000000,1.513666
595.000000,1.528069
600.000000,1.538146
605.000000,1.545943
610.000000,1.551590
615.000000,1.554026
620.000000,1.553567
625.000000,1.550062
630.000000,1.540827
635.000000,1.532074
640.000000,1.519489
645.000000,1.503083
650.000000,1.479986
655.000000,1.459985
660.000000,1.436754
665.000000,1.403230
670.000000,1.371843
675.000000,1.340456
680.000000,1.301948
685.000000,1.264909
690.000000,1.226139
695.000000,1.180212
700.000000,1.136868
705.000000,1.092653
710.000000,1.045243
715.000000,1.000479
720.000000,0.948058
725.000000,0.902381
730.000000,0.854665
735.000000,0.792226
740.000000,0.734521
745.000000,0.689229
750.000000,0.652250
755.000000,0.607482
760.000000,0.571755
765.000000,0.526940
770.000000,0.486676
775.000000,0.449540
780.000000,0.414553
