image,variant,L_mean,L_median,L_p02,L_p98,frac_black,frac_white,C_max,C_mean
smoke,portra400_colour_print,28.200,13.871,3.699,73.448,0.456,0.000,68.423,8.739
smoke,trix_DI,38.302,34.227,10.313,67.629,0.045,0.001,0.000,0.000
smoke,trix_mgiv_filter2,34.059,21.068,5.646,81.415,0.275,0.000,0.039,0.009
smoke,trix_mgiv_no_row_fallback,36.372,19.033,4.165,84.880,0.404,0.001,0.041,0.011
smoke,trix_mgiv_filter2_no_auto_exposure,14.633,6.762,5.231,42.123,0.669,0.000,0.027,0.006
smoke,trix_mgiv_filter00,39.824,29.460,14.249,81.359,0.000,0.000,0.039,0.011
smoke,trix_mgiv_filter1,37.067,24.963,11.044,81.362,0.066,0.000,0.039,0.010
smoke,trix_mgiv_filter2,34.059,21.068,5.646,81.415,0.275,0.000,0.039,0.009
smoke,trix_mgiv_filter3,31.045,14.040,4.134,81.952,0.450,0.000,0.039,0.008
smoke,trix_mgiv_filter4,29.409,6.057,3.966,83.703,0.610,0.001,0.083,0.007
smoke,trix_mgiv_filter5,29.749,5.764,3.954,84.549,0.616,0.001,0.125,0.008
R0030139,portra400_colour_print,26.584,17.527,3.619,78.690,0.438,0.000,58.623,9.504
R0030139,trix_DI,36.359,36.460,8.767,66.324,0.109,0.000,0.000,0.000
R0030139,trix_mgiv_filter2,31.344,23.246,5.383,81.054,0.322,0.000,0.033,0.010
R0030139,trix_mgiv_no_row_fallback,37.382,24.749,4.120,84.884,0.420,0.000,0.037,0.009
R0030139,trix_mgiv_filter2_no_auto_exposure,20.007,12.790,5.247,59.770,0.489,0.000,0.027,0.007
_DSC2439,portra400_colour_print,20.177,6.038,3.696,71.742,0.704,0.000,36.589,2.553
_DSC2439,trix_DI,28.396,20.697,9.192,61.486,0.093,0.000,0.000,0.000
_DSC2439,trix_mgiv_filter2,22.072,9.525,5.468,73.408,0.659,0.000,0.025,0.008
_DSC2439,trix_mgiv_no_row_fallback,24.564,5.187,4.149,83.413,0.712,0.000,0.035,0.006
_DSC2439,trix_mgiv_filter2_no_auto_exposure,12.691,5.870,5.241,43.212,0.723,0.000,0.023,0.005
_DSC2704,portra400_colour_print,31.320,32.175,3.626,71.530,0.292,0.000,48.270,6.281
_DSC2704,trix_DI,39.002,43.329,8.587,62.448,0.066,0.000,0.000,0.000
_DSC2704,trix_mgiv_filter2,32.514,31.612,5.364,75.297,0.206,0.000,0.025,0.011
_DSC2704,trix_mgiv_no_row_fallback,42.556,48.235,4.124,83.759,0.302,0.000,0.032,0.012
_DSC2704,trix_mgiv_filter2_no_auto_exposure,23.977,23.741,5.286,60.078,0.307,0.000,0.023,0.009
_DSC2704,trix_mgiv_filter00,37.033,35.751,13.829,75.152,0.000,0.000,0.025,0.012
_DSC2704,trix_mgiv_filter1,34.977,34.717,10.534,75.159,0.075,0.000,0.025,0.012
_DSC2704,trix_mgiv_filter2,32.514,31.612,5.364,75.297,0.206,0.000,0.025,0.011
_DSC2704,trix_mgiv_filter3,30.102,28.942,4.099,76.703,0.329,0.000,0.025,0.010
_DSC2704,trix_mgiv_filter4,28.183,20.870,3.965,81.154,0.430,0.000,0.027,0.008
_DSC2704,trix_mgiv_filter5,28.248,19.064,3.957,83.073,0.440,0.000,0.062,0.008
_DSC2715,portra400_colour_print,23.591,11.744,3.579,82.892,0.505,0.000,72.944,6.355
_DSC2715,trix_DI,32.455,28.472,8.587,77.897,0.135,0.000,0.000,0.000
_DSC2715,trix_mgiv_filter2,25.762,15.345,5.355,84.970,0.433,0.001,0.033,0.009
_DSC2715,trix_mgiv_no_row_fallback,26.938,8.722,4.084,85.577,0.550,0.005,0.053,0.009
_DSC2715,trix_mgiv_filter2_no_auto_exposure,19.714,8.723,5.245,82.729,0.611,0.000,0.029,0.006
