true_density,displayed_density,displayed_chroma_Cab
0.00000,0.11183,0.07568
0.03000,0.12374,0.06432
0.06000,0.13707,0.05321
0.09000,0.15193,0.04484
0.12000,0.16843,0.03787
0.15000,0.18667,0.03095
0.18000,0.20669,0.02401
0.21000,0.22851,0.01999
0.24000,0.25204,0.01764
0.27000,0.27723,0.01308
0.30000,0.30386,0.01366
0.33000,0.33173,0.01237
0.36000,0.36056,0.01207
0.39000,0.39008,0.01114
0.42000,0.41995,0.00986
0.45000,0.44995,0.00992
0.48000,0.47995,0.00922
0.51000,0.50993,0.01003
0.54000,0.53994,0.01009
0.57000,0.56995,0.00791
0.60000,0.59995,0.01021
0.80000,0.79994,0.00676
1.00000,0.99996,0.00551
1.20000,1.19996,0.00573
1.40000,1.39993,0.00595
1.60000,1.59992,0.00618
1.80000,1.79991,0.00477
2.00000,1.99993,0.00496
2.20000,2.19991,0.00293
2.40000,2.39996,0.00126
2.60000,2.59997,0.00000
2.80000,2.79998,0.00000
