log_exposure,D_emulsion_1,D_emulsion_2,D_emulsion_3,sum_at_zero_stagger
-3.00000,0.00000,0.00000,0.00000,0.00000
-2.97255,0.00000,0.00000,0.00000,0.00000
-2.94510,0.00000,0.00000,0.00000,0.00000
-2.91765,0.00000,0.00000,0.00000,0.00000
-2.89020,0.00000,0.00000,0.00000,0.00000
-2.86275,0.00000,0.00000,0.00000,0.00000
-2.83529,0.00000,0.00000,0.00000,0.00000
-2.80784,0.00000,0.00000,0.00000,0.00000
-2.78039,0.00000,0.00000,0.00000,0.00000
-2.75294,0.00000,0.00000,0.00000,0.00000
-2.72549,0.00000,0.00000,0.00000,0.00000
-2.69804,0.00000,0.00000,0.00000,0.00000
-2.67059,0.00000,0.00000,0.00000,0.00000
-2.64314,0.00000,0.00000,0.00000,0.00000
-2.61569,0.00000,0.00000,0.00000,0.00000
-2.58824,0.00000,0.00000,0.00000,0.00000
-2.56078,0.00000,0.00000,0.00000,0.00000
-2.53333,0.00000,0.00000,0.00000,0.00000
-2.50588,0.00000,0.00000,0.00000,0.00000
-2.47843,0.00000,0.00000,0.00000,0.00000
-2.45098,0.00000,0.00000,0.00000,0.00000
-2.42353,0.00000,0.00000,0.00000,0.00000
-2.39608,0.00000,0.00000,0.00000,0.00000
-2.36863,0.00000,0.00000,0.00000,0.00000
-2.34118,0.00000,0.00000,0.00000,0.00000
-2.31373,0.00000,0.00000,0.00000,0.00000
-2.28627,0.00000,0.00000,0.00000,0.00000
-2.25882,0.00000,0.00000,0.00000,0.00000
-2.23137,0.00000,0.00000,0.00000,0.00000
-2.20392,0.00000,0.00000,0.00000,0.00000
-2.17647,0.00000,0.00000,0.00000,0.00000
-2.14902,0.00000,0.00000,0.00000,0.00000
-2.12157,0.00000,0.00000,0.00000,0.00000
-2.09412,0.00000,0.00000,0.00000,0.00000
-2.06667,0.00000,0.00000,0.00000,0.00000
-2.03922,0.00000,0.00000,0.00000,0.00000
-2.01176,0.00000,0.00000,0.00000,0.00000
-1.98431,0.00000,0.00000,0.00000,0.00000
-1.95686,0.00000,0.00000,0.00000,0.00000
-1.92941,0.00000,0.00000,0.00000,0.00000
-1.90196,0.00000,0.00000,0.00000,0.00000
-1.87451,0.00000,0.00000,0.00000,0.00000
-1.84706,0.00000,0.00000,0.00000,0.00000
-1.81961,0.00000,0.00000,0.00000,0.00000
-1.79216,0.00000,0.00000,0.00000,0.00000
-1.76471,0.00000,0.00000,0.00000,0.00000
-1.73725,0.00000,0.00000,0.00000,0.00000
-1.70980,0.00000,0.00000,0.00000,0.00000
-1.68235,0.00000,0.00000,0.00000,0.00000
-1.65490,0.00000,0.00000,0.00000,0.00000
-1.62745,0.00000,0.00000,0.00000,0.00000
-1.60000,0.00000,0.00000,0.00000,0.00000
-1.57255,0.00000,0.00000,0.00000,0.00000
-1.54510,0.00000,0.00000,0.00000,0.00000
-1.51765,0.00000,0.00000,0.00000,0.00000
-1.49020,0.00000,0.00000,0.00000,0.00000
-1.46275,0.00000,0.00000,0.00000,0.00000
-1.43529,0.00000,0.00000,0.00000,0.00000
-1.40784,0.00000,0.00000,0.00000,0.00000
-1.38039,0.00000,0.00000,0.00000,0.00000
-1.35294,0.00000,0.00000,0.00000,0.00000
-1.32549,0.00000,0.00000,0.00000,0.00000
-1.29804,0.00000,0.00000,0.00000,0.00000
-1.27059,0.00000,0.00000,0.00000,0.00000
-1.24314,0.00000,0.00000,0.00000,0.00000
-1.21569,0.00000,0.00000,0.00000,0.00000
-1.18824,0.00000,0.00000,0.00000,0.00000
-1.16078,0.00000,0.00000,0.00000,0.00000
-1.13333,0.00000,0.00000,0.00000,0.00000
-1.10588,0.00000,0.00000,0.00000,0.00000
-1.07843,0.00000,0.00000,0.00000,0.00000
-1.05098,0.00000,0.00000,0.00000,0.00000
-1.02353,0.00000,0.00000,0.00000,0.00000
-0.99608,0.00000,0.00000,0.00000,0.00000
-0.96863,0.00000,0.00000,0.00000,0.00000
-0.94118,0.00000,0.00000,0.00000,0.00000
-0.91373,0.00000,0.00000,0.00000,0.00000
-0.88627,0.00000,0.00000,0.00000,0.00000
-0.85882,0.00000,0.00000,0.00000,0.00000
-0.83137,0.00000,0.00000,0.00000,0.00000
-0.80392,0.00000,0.00000,0.00000,0.00000
-0.77647,0.00000,0.00000,0.00000,0.00000
-0.74902,0.00000,0.00000,0.00000,0.00000
-0.72157,0.00000,0.00000,0.00000,0.00000
-0.69412,0.00000,0.00000,0.00000,0.00000
-0.66667,0.00000,0.00000,0.00000,0.00000
-0.63922,0.00000,0.00000,0.00000,0.00000
-0.61176,0.00001,0.00000,0.00000,0.00001
-0.58431,0.00001,0.00000,0.00000,0.00001
-0.55686,0.00002,0.00000,0.00000,0.00002
-0.52941,0.00004,0.00000,0.00000,0.00004
-0.50196,0.00007,0.00000,0.00000,0.00007
-0.47451,0.00012,0.00000,0.00000,0.00012
-0.44706,0.00019,0.00000,0.00000,0.00019
-0.41961,0.00031,0.00000,0.00000,0.00031
-0.39216,0.00048,0.00000,0.00000,0.00048
-0.36471,0.00073,0.00000,0.00000,0.00073
-0.33725,0.00111,0.00000,0.00000,0.00111
-0.30980,0.00163,0.00000,0.00000,0.00163
-0.28235,0.00237,0.00000,0.00001,0.00237
-0.25490,0.00337,0.00000,0.00002,0.00339
-0.22745,0.00471,0.00000,0.00009,0.00481
-0.20000,0.00646,0.00003,0.00038,0.00687
-0.17255,0.00870,0.00019,0.00137,0.01026
-0.14510,0.01153,0.00091,0.00426,0.01670
-0.11765,0.01502,0.00355,0.01124,0.02981
-0.09020,0.01926,0.01090,0.02531,0.05548
-0.06275,0.02435,0.02653,0.04901,0.09990
-0.03529,0.03041,0.05205,0.08279,0.16525
-0.00784,0.03758,0.08480,0.12438,0.24676
0.01961,0.04608,0.11971,0.17032,0.33611
0.04706,0.05623,0.15421,0.21819,0.42862
0.07451,0.06847,0.19015,0.26750,0.52613
0.10196,0.08336,0.23114,0.31849,0.63299
0.12941,0.10159,0.27890,0.37027,0.75076
0.15686,0.12387,0.33221,0.42030,0.87639
0.18431,0.15085,0.38801,0.46527,1.00413
0.21176,0.18295,0.44293,0.50249,1.12836
0.23922,0.22021,0.49449,0.53084,1.24554
0.26667,0.26219,0.54148,0.55082,1.35450
0.29412,0.30790,0.58369,0.56402,1.45561
0.32157,0.35592,0.62133,0.57234,1.54958
0.34902,0.40465,0.65450,0.57748,1.63663
0.37647,0.45278,0.68307,0.58069,1.71654
0.40392,0.49975,0.70679,0.58276,1.78930
0.43137,0.54605,0.72556,0.58413,1.85574
0.45882,0.59294,0.73959,0.58506,1.91759
0.48627,0.64141,0.74945,0.58569,1.97655
0.51373,0.69097,0.75595,0.58611,2.03302
0.54118,0.73902,0.75995,0.58638,2.08535
0.56863,0.78169,0.76226,0.58654,2.13050
0.59608,0.81561,0.76351,0.58664,2.16576
0.62353,0.83942,0.76414,0.58670,2.19025
0.65098,0.85411,0.76443,0.58673,2.20527
0.67843,0.86207,0.76456,0.58674,2.21338
0.70588,0.86589,0.76461,0.58675,2.21726
0.73333,0.86754,0.76464,0.58676,2.21893
0.76078,0.86819,0.76464,0.58676,2.21959
0.78824,0.86843,0.76464,0.58676,2.21984
0.81569,0.86853,0.76465,0.58676,2.21993
0.84314,0.86857,0.76465,0.58676,2.21997
0.87059,0.86858,0.76465,0.58676,2.21999
0.89804,0.86859,0.76465,0.58676,2.21999
0.92549,0.86859,0.76465,0.58676,2.22000
0.95294,0.86859,0.76465,0.58676,2.22000
0.98039,0.86859,0.76465,0.58676,2.22000
1.00784,0.86859,0.76465,0.58676,2.22000
1.03529,0.86859,0.76465,0.58676,2.22000
1.06275,0.86859,0.76465,0.58676,2.22000
1.09020,0.86859,0.76465,0.58676,2.22000
1.11765,0.86859,0.76465,0.58676,2.22000
1.14510,0.86859,0.76465,0.58676,2.22000
1.17255,0.86859,0.76465,0.58676,2.22000
1.20000,0.86859,0.76465,0.58676,2.22000
1.22745,0.86859,0.76465,0.58676,2.22000
1.25490,0.86859,0.76465,0.58676,2.22000
1.28235,0.86859,0.76465,0.58676,2.22000
1.30980,0.86859,0.76465,0.58676,2.22000
1.33725,0.86859,0.76465,0.58676,2.22000
1.36471,0.86859,0.76465,0.58676,2.22000
1.39216,0.86859,0.76465,0.58676,2.22000
1.41961,0.86859,0.76465,0.58676,2.22000
1.44706,0.86859,0.76465,0.58676,2.22000
1.47451,0.86859,0.76465,0.58676,2.22000
1.50196,0.86859,0.76465,0.58676,2.22000
1.52941,0.86859,0.76465,0.58676,2.22000
1.55686,0.86859,0.76465,0.58676,2.22000
1.58431,0.86859,0.76465,0.58676,2.22000
1.61176,0.86859,0.76465,0.58676,2.22000
1.63922,0.86859,0.76465,0.58676,2.22000
1.66667,0.86859,0.76465,0.58676,2.22000
1.69412,0.86859,0.76465,0.58676,2.22000
1.72157,0.86859,0.76465,0.58676,2.22000
1.74902,0.86859,0.76465,0.58676,2.22000
1.77647,0.86859,0.76465,0.58676,2.22000
1.80392,0.86859,0.76465,0.58676,2.22000
1.83137,0.86859,0.76465,0.58676,2.22000
1.85882,0.86859,0.76465,0.58676,2.22000
1.88627,0.86859,0.76465,0.58676,2.22000
1.91373,0.86859,0.76465,0.58676,2.22000
1.94118,0.86859,0.76465,0.58676,2.22000
1.96863,0.86859,0.76465,0.58676,2.22000
1.99608,0.86859,0.76465,0.58676,2.22000
2.02353,0.86859,0.76465,0.58676,2.22000
2.05098,0.86859,0.76465,0.58676,2.22000
2.07843,0.86859,0.76465,0.58676,2.22000
2.10588,0.86859,0.76465,0.58676,2.22000
2.13333,0.86859,0.76465,0.58676,2.22000
2.16078,0.86859,0.76465,0.58676,2.22000
2.18824,0.86859,0.76465,0.58676,2.22000
2.21569,0.86859,0.76465,0.58676,2.22000
2.24314,0.86859,0.76465,0.58676,2.22000
2.27059,0.86859,0.76465,0.58676,2.22000
2.29804,0.86859,0.76465,0.58676,2.22000
2.32549,0.86859,0.76465,0.58676,2.22000
2.35294,0.86859,0.76465,0.58676,2.22000
2.38039,0.86859,0.76465,0.58676,2.22000
2.40784,0.86859,0.76465,0.58676,2.22000
2.43529,0.86859,0.76465,0.58676,2.22000
2.46275,0.86859,0.76465,0.58676,2.22000
2.49020,0.86859,0.76465,0.58676,2.22000
2.51765,0.86859,0.76465,0.58676,2.22000
2.54510,0.86859,0.76465,0.58676,2.22000
2.57255,0.86859,0.76465,0.58676,2.22000
2.60000,0.86859,0.76465,0.58676,2.22000
2.62745,0.86859,0.76465,0.58676,2.22000
2.65490,0.86859,0.76465,0.58676,2.22000
2.68235,0.86859,0.76465,0.58676,2.22000
2.70980,0.86859,0.76465,0.58676,2.22000
2.73725,0.86859,0.76465,0.58676,2.22000
2.76471,0.86859,0.76465,0.58676,2.22000
2.79216,0.86859,0.76465,0.58676,2.22000
2.81961,0.86859,0.76465,0.58676,2.22000
2.84706,0.86859,0.76465,0.58676,2.22000
2.87451,0.86859,0.76465,0.58676,2.22000
2.90196,0.86859,0.76465,0.58676,2.22000
2.92941,0.86859,0.76465,0.58676,2.22000
2.95686,0.86859,0.76465,0.58676,2.22000
2.98431,0.86859,0.76465,0.58676,2.22000
3.01176,0.86859,0.76465,0.58676,2.22000
3.03922,0.86859,0.76465,0.58676,2.22000
3.06667,0.86859,0.76465,0.58676,2.22000
3.09412,0.86859,0.76465,0.58676,2.22000
3.12157,0.86859,0.76465,0.58676,2.22000
3.14902,0.86859,0.76465,0.58676,2.22000
3.17647,0.86859,0.76465,0.58676,2.22000
3.20392,0.86859,0.76465,0.58676,2.22000
3.23137,0.86859,0.76465,0.58676,2.22000
3.25882,0.86859,0.76465,0.58676,2.22000
3.28627,0.86859,0.76465,0.58676,2.22000
3.31373,0.86859,0.76465,0.58676,2.22000
3.34118,0.86859,0.76465,0.58676,2.22000
3.36863,0.86859,0.76465,0.58676,2.22000
3.39608,0.86859,0.76465,0.58676,2.22000
3.42353,0.86859,0.76465,0.58676,2.22000
3.45098,0.86859,0.76465,0.58676,2.22000
3.47843,0.86859,0.76465,0.58676,2.22000
3.50588,0.86859,0.76465,0.58676,2.22000
3.53333,0.86859,0.76465,0.58676,2.22000
3.56078,0.86859,0.76465,0.58676,2.22000
3.58824,0.86859,0.76465,0.58676,2.22000
3.61569,0.86859,0.76465,0.58676,2.22000
3.64314,0.86859,0.76465,0.58676,2.22000
3.67059,0.86859,0.76465,0.58676,2.22000
3.69804,0.86859,0.76465,0.58676,2.22000
3.72549,0.86859,0.76465,0.58676,2.22000
3.75294,0.86859,0.76465,0.58676,2.22000
3.78039,0.86859,0.76465,0.58676,2.22000
3.80784,0.86859,0.76465,0.58676,2.22000
3.83529,0.86859,0.76465,0.58676,2.22000
3.86275,0.86859,0.76465,0.58676,2.22000
3.89020,0.86859,0.76465,0.58676,2.22000
3.91765,0.86859,0.76465,0.58676,2.22000
3.94510,0.86859,0.76465,0.58676,2.22000
3.97255,0.86859,0.76465,0.58676,2.22000
4.00000,0.86859,0.76465,0.58676,2.22000
