wavelength_nm,logS_emulsion_fast_green,logS_emulsion_mid,logS_emulsion_slow_green
380.0000,-0.4806,-0.4806,-0.4806
385.0000,-0.1715,-0.1715,-0.1715
390.0000,-0.0018,-0.0018,-0.0018
395.0000,0.0981,0.0981,0.0981
400.0000,0.1575,0.1575,0.1575
405.0000,0.1847,0.1847,0.1847
410.0000,0.1970,0.1970,0.1970
415.0000,0.2045,0.2045,0.2045
420.0000,0.2053,0.2053,0.2053
425.0000,0.2053,0.2053,0.2053
430.0000,0.2010,0.2010,0.2010
435.0000,0.1879,0.1879,0.1879
440.0000,0.1721,0.1721,0.1721
445.0000,0.1544,0.1544,0.1544
450.0000,0.1408,0.1408,0.1408
455.0000,0.1309,0.1309,0.1309
460.0000,0.1315,0.0890,0.0805
465.0000,0.1492,-0.0692,-0.1258
470.0000,0.1819,-0.3457,-0.6004
475.0000,0.2287,-0.4985,-1.2242
480.0000,0.2725,-0.4868,-1.4394
485.0000,0.3030,-0.4577,-1.4244
490.0000,0.3194,-0.4413,-1.4082
495.0000,0.3274,-0.4333,-1.4002
500.0000,0.3336,-0.4271,-1.3940
505.0000,0.3400,-0.4207,-1.3876
510.0000,0.3554,-0.4054,-1.3722
515.0000,0.4052,-0.3555,-1.3224
520.0000,0.4626,-0.2981,-1.2650
525.0000,0.4798,-0.2809,-1.2478
530.0000,0.4524,-0.3083,-1.2752
535.0000,0.3738,-0.3869,-1.3538
540.0000,0.2207,-0.5400,-1.5069
545.0000,-0.0975,-0.8582,-1.8251
550.0000,-0.7865,-1.5472,-2.5141
555.0000,-10.0000,-10.0000,-10.0000
560.0000,-10.0000,-10.0000,-10.0000
565.0000,-10.0000,-10.0000,-10.0000
570.0000,-10.0000,-10.0000,-10.0000
575.0000,-10.0000,-10.0000,-10.0000
580.0000,-10.0000,-10.0000,-10.0000
585.0000,-10.0000,-10.0000,-10.0000
590.0000,-10.0000,-10.0000,-10.0000
595.0000,-10.0000,-10.0000,-10.0000
600.0000,-10.0000,-10.0000,-10.0000
605.0000,-10.0000,-10.0000,-10.0000
610.0000,-10.0000,-10.0000,-10.0000
615.0000,-10.0000,-10.0000,-10.0000
620.0000,-10.0000,-10.0000,-10.0000
625.0000,-10.0000,-10.0000,-10.0000
630.0000,-10.0000,-10.0000,-10.0000
635.0000,-10.0000,-10.0000,-10.0000
640.0000,-10.0000,-10.0000,-10.0000
645.0000,-10.0000,-10.0000,-10.0000
650.0000,-10.0000,-10.0000,-10.0000
655.0000,-10.0000,-10.0000,-10.0000
660.0000,-10.0000,-10.0000,-10.0000
665.0000,-10.0000,-10.0000,-10.0000
670.0000,-10.0000,-10.0000,-10.0000
675.0000,-10.0000,-10.0000,-10.0000
680.0000,-10.0000,-10.0000,-10.0000
685.0000,-10.0000,-10.0000,-10.0000
690.0000,-10.0000,-10.0000,-10.0000
695.0000,-10.0000,-10.0000,-10.0000
700.0000,-10.0000,-10.0000,-10.0000
705.0000,-10.0000,-10.0000,-10.0000
710.0000,-10.0000,-10.0000,-10.0000
715.0000,-10.0000,-10.0000,-10.0000
720.0000,-10.0000,-10.0000,-10.0000
725.0000,-10.0000,-10.0000,-10.0000
730.0000,-10.0000,-10.0000,-10.0000
735.0000,-10.0000,-10.0000,-10.0000
740.0000,-10.0000,-10.0000,-10.0000
745.0000,-10.0000,-10.0000,-10.0000
750.0000,-10.0000,-10.0000,-10.0000
755.0000,-10.0000,-10.0000,-10.0000
760.0000,-10.0000,-10.0000,-10.0000
765.0000,-10.0000,-10.0000,-10.0000
770.0000,-10.0000,-10.0000,-10.0000
775.0000,-10.0000,-10.0000,-10.0000
780.0000,-10.0000,-10.0000,-10.0000
