filter,log_exposure_rel_to_table_midgrey,sheet_axis_X,print_density_over_base
00,-2.200,0.106,0.0000
00,-2.180,0.126,0.0000
00,-2.160,0.146,0.0000
00,-2.140,0.166,0.0000
00,-2.120,0.186,0.0000
00,-2.100,0.206,0.0000
00,-2.080,0.226,0.0000
00,-2.060,0.246,0.0000
00,-2.040,0.266,0.0000
00,-2.020,0.286,0.0000
00,-2.000,0.306,0.0000
00,-1.980,0.326,0.0000
00,-1.960,0.346,0.0000
00,-1.940,0.366,0.0000
00,-1.920,0.386,0.0000
00,-1.900,0.406,0.0000
00,-1.880,0.426,0.0000
00,-1.860,0.446,0.0000
00,-1.840,0.466,0.0000
00,-1.820,0.486,0.0000
00,-1.800,0.506,0.0000
00,-1.780,0.526,0.0000
00,-1.760,0.546,0.0000
00,-1.740,0.566,0.0000
00,-1.720,0.586,0.0000
00,-1.700,0.606,0.0000
00,-1.680,0.626,0.0000
00,-1.660,0.646,0.0000
00,-1.640,0.666,0.0000
00,-1.620,0.686,0.0000
00,-1.600,0.706,0.0000
00,-1.580,0.726,0.0000
00,-1.560,0.746,0.0000
00,-1.540,0.766,0.0000
00,-1.520,0.786,0.0000
00,-1.500,0.806,0.0000
00,-1.480,0.826,0.0000
00,-1.460,0.846,0.0000
00,-1.440,0.866,0.0000
00,-1.420,0.886,0.0000
00,-1.400,0.906,0.0000
00,-1.380,0.926,0.0000
00,-1.360,0.946,0.0000
00,-1.340,0.966,0.0000
00,-1.320,0.986,0.0000
00,-1.300,1.006,0.0000
00,-1.280,1.026,0.0000
00,-1.260,1.046,0.0000
00,-1.240,1.066,0.0000
00,-1.220,1.086,0.0000
00,-1.200,1.106,0.0000
00,-1.180,1.126,0.0000
00,-1.160,1.146,0.0000
00,-1.140,1.166,0.0000
00,-1.120,1.186,0.0000
00,-1.100,1.206,0.0000
00,-1.080,1.226,0.0000
00,-1.060,1.246,0.0000
00,-1.040,1.266,0.0000
00,-1.020,1.286,0.0000
00,-1.000,1.306,0.0001
00,-0.980,1.326,0.0001
00,-0.960,1.346,0.0001
00,-0.940,1.366,0.0002
00,-0.920,1.386,0.0003
00,-0.900,1.406,0.0004
00,-0.880,1.426,0.0005
00,-0.860,1.446,0.0007
00,-0.840,1.466,0.0010
00,-0.820,1.486,0.0013
00,-0.800,1.506,0.0018
00,-0.780,1.526,0.0023
00,-0.760,1.546,0.0030
00,-0.740,1.566,0.0039
00,-0.720,1.586,0.0049
00,-0.700,1.606,0.0062
00,-0.680,1.626,0.0077
00,-0.660,1.646,0.0096
00,-0.640,1.666,0.0117
00,-0.620,1.686,0.0143
00,-0.600,1.706,0.0173
00,-0.580,1.726,0.0207
00,-0.560,1.746,0.0246
00,-0.540,1.766,0.0292
00,-0.520,1.786,0.0341
00,-0.500,1.806,0.0395
00,-0.480,1.826,0.0458
00,-0.460,1.846,0.0532
00,-0.440,1.866,0.0617
00,-0.420,1.886,0.0708
00,-0.400,1.906,0.0817
00,-0.380,1.926,0.0948
00,-0.360,1.946,0.1095
00,-0.340,1.966,0.1262
00,-0.320,1.986,0.1459
00,-0.300,2.006,0.1684
00,-0.280,2.026,0.1932
00,-0.260,2.046,0.2210
00,-0.240,2.066,0.2511
00,-0.220,2.086,0.2834
00,-0.200,2.106,0.3172
00,-0.180,2.126,0.3523
00,-0.160,2.146,0.3877
00,-0.140,2.166,0.4230
00,-0.120,2.186,0.4578
00,-0.100,2.206,0.4921
00,-0.080,2.226,0.5260
00,-0.060,2.246,0.5599
00,-0.040,2.266,0.5942
00,-0.020,2.286,0.6294
00,0.000,2.306,0.6652
00,0.020,2.326,0.7010
00,0.040,2.346,0.7359
00,0.060,2.366,0.7676
00,0.080,2.386,0.7952
00,0.100,2.406,0.8185
00,0.120,2.426,0.8378
00,0.140,2.446,0.8544
00,0.160,2.466,0.8698
00,0.180,2.486,0.8867
00,0.200,2.506,0.9063
00,0.220,2.526,0.9289
00,0.240,2.546,0.9540
00,0.260,2.566,0.9797
00,0.280,2.586,1.0051
00,0.300,2.606,1.0308
00,0.320,2.626,1.0576
00,0.340,2.646,1.0866
00,0.360,2.666,1.1193
00,0.380,2.686,1.1553
00,0.400,2.706,1.1937
00,0.420,2.726,1.2340
00,0.440,2.746,1.2744
00,0.460,2.766,1.3142
00,0.480,2.786,1.3518
00,0.500,2.806,1.3871
00,0.520,2.826,1.4202
00,0.540,2.846,1.4508
00,0.560,2.866,1.4785
00,0.580,2.886,1.5039
00,0.600,2.906,1.5275
00,0.620,2.926,1.5482
00,0.640,2.946,1.5661
00,0.660,2.966,1.5815
00,0.680,2.986,1.5944
00,0.700,3.006,1.6050
00,0.720,3.026,1.6134
00,0.740,3.046,1.6194
00,0.760,3.066,1.6240
00,0.780,3.086,1.6273
00,0.800,3.106,1.6296
00,0.820,3.126,1.6311
00,0.840,3.146,1.6320
00,0.860,3.166,1.6326
00,0.880,3.186,1.6331
00,0.900,3.206,1.6338
00,0.920,3.226,1.6350
00,0.940,3.246,1.6369
00,0.960,3.266,1.6412
00,0.980,3.286,1.6486
00,1.000,3.306,1.6601
00,1.020,3.326,1.6759
00,1.040,3.346,1.6970
00,1.060,3.366,1.7236
00,1.080,3.386,1.7539
00,1.100,3.406,1.7864
00,1.120,3.426,1.8205
00,1.140,3.446,1.8555
00,1.160,3.466,1.8915
00,1.180,3.486,1.9282
00,1.200,3.506,1.9655
00,1.220,3.526,2.0030
00,1.240,3.546,2.0395
00,1.260,3.566,2.0739
00,1.280,3.586,2.1047
00,1.300,3.606,2.1320
00,1.320,3.626,2.1539
00,1.340,3.646,2.1714
00,1.360,3.666,2.1849
00,1.380,3.686,2.1947
00,1.400,3.706,2.2019
00,1.420,3.726,2.2070
00,1.440,3.746,2.2107
00,1.460,3.766,2.2131
00,1.480,3.786,2.2146
00,1.500,3.806,2.2146
00,1.520,3.826,2.2146
00,1.540,3.846,2.2146
00,1.560,3.866,2.2146
00,1.580,3.886,2.2146
00,1.600,3.906,2.2146
00,1.620,3.926,2.2146
00,1.640,3.946,2.2146
00,1.660,3.966,2.2146
00,1.680,3.986,2.2146
00,1.700,4.006,2.2146
00,1.720,4.026,2.2146
00,1.740,4.046,2.2146
00,1.760,4.066,2.2146
00,1.780,4.086,2.2146
00,1.800,4.106,2.2146
00,1.820,4.126,2.2146
00,1.840,4.146,2.2146
00,1.860,4.166,2.2146
00,1.880,4.186,2.2146
00,1.900,4.206,2.2146
00,1.920,4.226,2.2146
00,1.940,4.246,2.2146
00,1.960,4.266,2.2146
00,1.980,4.286,2.2146
00,2.000,4.306,2.2146
00,2.020,4.326,2.2146
00,2.040,4.346,2.2146
00,2.060,4.366,2.2146
00,2.080,4.386,2.2146
00,2.100,4.406,2.2146
00,2.120,4.426,2.2146
00,2.140,4.446,2.2146
00,2.160,4.466,2.2146
00,2.180,4.486,2.2146
00,2.200,4.506,2.2146
0,-2.200,0.116,0.0000
0,-2.180,0.136,0.0000
0,-2.160,0.156,0.0000
0,-2.140,0.176,0.0000
0,-2.120,0.196,0.0000
0,-2.100,0.216,0.0000
0,-2.080,0.236,0.0000
0,-2.060,0.256,0.0000
0,-2.040,0.276,0.0000
0,-2.020,0.296,0.0000
0,-2.000,0.316,0.0000
0,-1.980,0.336,0.0000
0,-1.960,0.356,0.0000
0,-1.940,0.376,0.0000
0,-1.920,0.396,0.0000
0,-1.900,0.416,0.0000
0,-1.880,0.436,0.0000
0,-1.860,0.456,0.0000
0,-1.840,0.476,0.0000
0,-1.820,0.496,0.0000
0,-1.800,0.516,0.0000
0,-1.780,0.536,0.0000
0,-1.760,0.556,0.0000
0,-1.740,0.576,0.0000
0,-1.720,0.596,0.0000
0,-1.700,0.616,0.0000
0,-1.680,0.636,0.0000
0,-1.660,0.656,0.0000
0,-1.640,0.676,0.0000
0,-1.620,0.696,0.0000
0,-1.600,0.716,0.0000
0,-1.580,0.736,0.0000
0,-1.560,0.756,0.0000
0,-1.540,0.776,0.0000
0,-1.520,0.796,0.0000
0,-1.500,0.816,0.0000
0,-1.480,0.836,0.0000
0,-1.460,0.856,0.0000
0,-1.440,0.876,0.0000
0,-1.420,0.896,0.0000
0,-1.400,0.916,0.0000
0,-1.380,0.936,0.0000
0,-1.360,0.956,0.0000
0,-1.340,0.976,0.0000
0,-1.320,0.996,0.0000
0,-1.300,1.016,0.0000
0,-1.280,1.036,0.0000
0,-1.260,1.056,0.0000
0,-1.240,1.076,0.0000
0,-1.220,1.096,0.0000
0,-1.200,1.116,0.0000
0,-1.180,1.136,0.0000
0,-1.160,1.156,0.0000
0,-1.140,1.176,0.0000
0,-1.120,1.196,0.0000
0,-1.100,1.216,0.0000
0,-1.080,1.236,0.0000
0,-1.060,1.256,0.0000
0,-1.040,1.276,0.0000
0,-1.020,1.296,0.0000
0,-1.000,1.316,0.0001
0,-0.980,1.336,0.0001
0,-0.960,1.356,0.0001
0,-0.940,1.376,0.0002
0,-0.920,1.396,0.0003
0,-0.900,1.416,0.0004
0,-0.880,1.436,0.0005
0,-0.860,1.456,0.0007
0,-0.840,1.476,0.0010
0,-0.820,1.496,0.0013
0,-0.800,1.516,0.0018
0,-0.780,1.536,0.0023
0,-0.760,1.556,0.0030
0,-0.740,1.576,0.0039
0,-0.720,1.596,0.0049
0,-0.700,1.616,0.0062
0,-0.680,1.636,0.0077
0,-0.660,1.656,0.0096
0,-0.640,1.676,0.0117
0,-0.620,1.696,0.0143
0,-0.600,1.716,0.0173
0,-0.580,1.736,0.0207
0,-0.560,1.756,0.0247
0,-0.540,1.776,0.0292
0,-0.520,1.796,0.0341
0,-0.500,1.816,0.0395
0,-0.480,1.836,0.0459
0,-0.460,1.856,0.0532
0,-0.440,1.876,0.0617
0,-0.420,1.896,0.0709
0,-0.400,1.916,0.0818
0,-0.380,1.936,0.0949
0,-0.360,1.956,0.1095
0,-0.340,1.976,0.1263
0,-0.320,1.996,0.1460
0,-0.300,2.016,0.1685
0,-0.280,2.036,0.1933
0,-0.260,2.056,0.2211
0,-0.240,2.076,0.2512
0,-0.220,2.096,0.2835
0,-0.200,2.116,0.3173
0,-0.180,2.136,0.3524
0,-0.160,2.156,0.3878
0,-0.140,2.176,0.4231
0,-0.120,2.196,0.4579
0,-0.100,2.216,0.4923
0,-0.080,2.236,0.5261
0,-0.060,2.256,0.5600
0,-0.040,2.276,0.5943
0,-0.020,2.296,0.6295
0,0.000,2.316,0.6654
0,0.020,2.336,0.7012
0,0.040,2.356,0.7363
0,0.060,2.376,0.7685
0,0.080,2.396,0.7975
0,0.100,2.416,0.8238
0,0.120,2.436,0.8484
0,0.140,2.456,0.8722
0,0.160,2.476,0.8969
0,0.180,2.496,0.9229
0,0.200,2.516,0.9498
0,0.220,2.536,0.9769
0,0.240,2.556,1.0031
0,0.260,2.576,1.0290
0,0.280,2.596,1.0560
0,0.300,2.616,1.0849
0,0.320,2.636,1.1173
0,0.340,2.656,1.1528
0,0.360,2.676,1.1916
0,0.380,2.696,1.2318
0,0.400,2.716,1.2722
0,0.420,2.736,1.3120
0,0.440,2.756,1.3498
0,0.460,2.776,1.3852
0,0.480,2.796,1.4185
0,0.500,2.816,1.4491
0,0.520,2.836,1.4770
0,0.540,2.856,1.5027
0,0.560,2.876,1.5264
0,0.580,2.896,1.5467
0,0.600,2.916,1.5653
0,0.620,2.936,1.5809
0,0.640,2.956,1.5942
0,0.660,2.976,1.6055
0,0.680,2.996,1.6154
0,0.700,3.016,1.6247
0,0.720,3.036,1.6345
0,0.740,3.056,1.6470
0,0.760,3.076,1.6632
0,0.780,3.096,1.6835
0,0.800,3.116,1.7081
0,0.820,3.136,1.7366
0,0.840,3.156,1.7681
0,0.860,3.176,1.8018
0,0.880,3.196,1.8367
0,0.900,3.216,1.8723
0,0.920,3.236,1.9086
0,0.940,3.256,1.9457
0,0.960,3.276,1.9833
0,0.980,3.296,2.0203
0,1.000,3.316,2.0557
0,1.020,3.336,2.0885
0,1.040,3.356,2.1180
0,1.060,3.376,2.1427
0,1.080,3.396,2.1622
0,1.100,3.416,2.1778
0,1.120,3.436,2.1898
0,1.140,3.456,2.1985
0,1.160,3.476,2.2043
0,1.180,3.496,2.2087
0,1.200,3.516,2.2119
0,1.220,3.536,2.2140
0,1.240,3.556,2.2155
0,1.260,3.576,2.2167
0,1.280,3.596,2.2176
0,1.300,3.616,2.2183
0,1.320,3.636,2.2188
0,1.340,3.656,2.2191
0,1.360,3.676,2.2194
0,1.380,3.696,2.2196
0,1.400,3.716,2.2197
0,1.420,3.736,2.2198
0,1.440,3.756,2.2199
0,1.460,3.776,2.2200
0,1.480,3.796,2.2200
0,1.500,3.816,2.2200
0,1.520,3.836,2.2200
0,1.540,3.856,2.2200
0,1.560,3.876,2.2200
0,1.580,3.896,2.2200
0,1.600,3.916,2.2200
0,1.620,3.936,2.2200
0,1.640,3.956,2.2200
0,1.660,3.976,2.2200
0,1.680,3.996,2.2200
0,1.700,4.016,2.2200
0,1.720,4.036,2.2200
0,1.740,4.056,2.2200
0,1.760,4.076,2.2200
0,1.780,4.096,2.2200
0,1.800,4.116,2.2200
0,1.820,4.136,2.2200
0,1.840,4.156,2.2200
0,1.860,4.176,2.2200
0,1.880,4.196,2.2200
0,1.900,4.216,2.2200
0,1.920,4.236,2.2200
0,1.940,4.256,2.2200
0,1.960,4.276,2.2200
0,1.980,4.296,2.2200
0,2.000,4.316,2.2200
0,2.020,4.336,2.2200
0,2.040,4.356,2.2200
0,2.060,4.376,2.2200
0,2.080,4.396,2.2200
0,2.100,4.416,2.2200
0,2.120,4.436,2.2200
0,2.140,4.456,2.2200
0,2.160,4.476,2.2200
0,2.180,4.496,2.2200
0,2.200,4.516,2.2200
1,-2.200,0.129,0.0000
1,-2.180,0.149,0.0000
1,-2.160,0.169,0.0000
1,-2.140,0.189,0.0000
1,-2.120,0.209,0.0000
1,-2.100,0.229,0.0000
1,-2.080,0.249,0.0000
1,-2.060,0.269,0.0000
1,-2.040,0.289,0.0000
1,-2.020,0.309,0.0000
1,-2.000,0.329,0.0000
1,-1.980,0.349,0.0000
1,-1.960,0.369,0.0000
1,-1.940,0.389,0.0000
1,-1.920,0.409,0.0000
1,-1.900,0.429,0.0000
1,-1.880,0.449,0.0000
1,-1.860,0.469,0.0000
1,-1.840,0.489,0.0000
1,-1.820,0.509,0.0000
1,-1.800,0.529,0.0000
1,-1.780,0.549,0.0000
1,-1.760,0.569,0.0000
1,-1.740,0.589,0.0000
1,-1.720,0.609,0.0000
1,-1.700,0.629,0.0000
1,-1.680,0.649,0.0000
1,-1.660,0.669,0.0000
1,-1.640,0.689,0.0000
1,-1.620,0.709,0.0000
1,-1.600,0.729,0.0000
1,-1.580,0.749,0.0000
1,-1.560,0.769,0.0000
1,-1.540,0.789,0.0000
1,-1.520,0.809,0.0000
1,-1.500,0.829,0.0000
1,-1.480,0.849,0.0000
1,-1.460,0.869,0.0000
1,-1.440,0.889,0.0000
1,-1.420,0.909,0.0000
1,-1.400,0.929,0.0000
1,-1.380,0.949,0.0000
1,-1.360,0.969,0.0000
1,-1.340,0.989,0.0000
1,-1.320,1.009,0.0000
1,-1.300,1.029,0.0000
1,-1.280,1.049,0.0000
1,-1.260,1.069,0.0000
1,-1.240,1.089,0.0000
1,-1.220,1.109,0.0000
1,-1.200,1.129,0.0000
1,-1.180,1.149,0.0000
1,-1.160,1.169,0.0000
1,-1.140,1.189,0.0000
1,-1.120,1.209,0.0000
1,-1.100,1.229,0.0000
1,-1.080,1.249,0.0000
1,-1.060,1.269,0.0000
1,-1.040,1.289,0.0000
1,-1.020,1.309,0.0000
1,-1.000,1.329,0.0001
1,-0.980,1.349,0.0001
1,-0.960,1.369,0.0001
1,-0.940,1.389,0.0002
1,-0.920,1.409,0.0003
1,-0.900,1.429,0.0004
1,-0.880,1.449,0.0005
1,-0.860,1.469,0.0007
1,-0.840,1.489,0.0010
1,-0.820,1.509,0.0013
1,-0.800,1.529,0.0018
1,-0.780,1.549,0.0023
1,-0.760,1.569,0.0030
1,-0.740,1.589,0.0039
1,-0.720,1.609,0.0049
1,-0.700,1.629,0.0062
1,-0.680,1.649,0.0077
1,-0.660,1.669,0.0096
1,-0.640,1.689,0.0117
1,-0.620,1.709,0.0143
1,-0.600,1.729,0.0173
1,-0.580,1.749,0.0207
1,-0.560,1.769,0.0246
1,-0.540,1.789,0.0292
1,-0.520,1.809,0.0340
1,-0.500,1.829,0.0395
1,-0.480,1.849,0.0458
1,-0.460,1.869,0.0531
1,-0.440,1.889,0.0616
1,-0.420,1.909,0.0708
1,-0.400,1.929,0.0817
1,-0.380,1.949,0.0948
1,-0.360,1.969,0.1094
1,-0.340,1.989,0.1261
1,-0.320,2.009,0.1459
1,-0.300,2.029,0.1683
1,-0.280,2.049,0.1931
1,-0.260,2.069,0.2209
1,-0.240,2.089,0.2509
1,-0.220,2.109,0.2833
1,-0.200,2.129,0.3170
1,-0.180,2.149,0.3521
1,-0.160,2.169,0.3875
1,-0.140,2.189,0.4228
1,-0.120,2.209,0.4576
1,-0.100,2.229,0.4920
1,-0.080,2.249,0.5258
1,-0.060,2.269,0.5598
1,-0.040,2.289,0.5941
1,-0.020,2.309,0.6295
1,0.000,2.329,0.6658
1,0.020,2.349,0.7030
1,0.040,2.369,0.7409
1,0.060,2.389,0.7781
1,0.080,2.409,0.8157
1,0.100,2.429,0.8536
1,0.120,2.449,0.8914
1,0.140,2.469,0.9273
1,0.160,2.489,0.9609
1,0.180,2.509,0.9916
1,0.200,2.529,1.0198
1,0.220,2.549,1.0477
1,0.240,2.569,1.0772
1,0.260,2.589,1.1093
1,0.280,2.609,1.1448
1,0.300,2.629,1.1826
1,0.320,2.649,1.2224
1,0.340,2.669,1.2630
1,0.360,2.689,1.3031
1,0.380,2.709,1.3412
1,0.400,2.729,1.3775
1,0.420,2.749,1.4118
1,0.440,2.769,1.4438
1,0.460,2.789,1.4743
1,0.480,2.809,1.5048
1,0.500,2.829,1.5353
1,0.520,2.849,1.5672
1,0.540,2.869,1.6024
1,0.560,2.889,1.6403
1,0.580,2.909,1.6792
1,0.600,2.929,1.7208
1,0.620,2.949,1.7623
1,0.640,2.969,1.8032
1,0.660,2.989,1.8433
1,0.680,3.009,1.8828
1,0.700,3.029,1.9220
1,0.720,3.049,1.9610
1,0.740,3.069,1.9995
1,0.760,3.089,2.0368
1,0.780,3.109,2.0715
1,0.800,3.129,2.1026
1,0.820,3.149,2.1296
1,0.840,3.169,2.1523
1,0.860,3.189,2.1705
1,0.880,3.209,2.1845
1,0.900,3.229,2.1944
1,0.920,3.249,2.2014
1,0.940,3.269,2.2065
1,0.960,3.289,2.2103
1,0.980,3.309,2.2130
1,1.000,3.329,2.2148
1,1.020,3.349,2.2161
1,1.040,3.369,2.2172
1,1.060,3.389,2.2180
1,1.080,3.409,2.2185
1,1.100,3.429,2.2189
1,1.120,3.449,2.2193
1,1.140,3.469,2.2195
1,1.160,3.489,2.2196
1,1.180,3.509,2.2198
1,1.200,3.529,2.2199
1,1.220,3.549,2.2199
1,1.240,3.569,2.2200
1,1.260,3.589,2.2200
1,1.280,3.609,2.2200
1,1.300,3.629,2.2200
1,1.320,3.649,2.2200
1,1.340,3.669,2.2200
1,1.360,3.689,2.2200
1,1.380,3.709,2.2200
1,1.400,3.729,2.2200
1,1.420,3.749,2.2200
1,1.440,3.769,2.2200
1,1.460,3.789,2.2200
1,1.480,3.809,2.2200
1,1.500,3.829,2.2200
1,1.520,3.849,2.2200
1,1.540,3.869,2.2200
1,1.560,3.889,2.2200
1,1.580,3.909,2.2200
1,1.600,3.929,2.2200
1,1.620,3.949,2.2200
1,1.640,3.969,2.2200
1,1.660,3.989,2.2200
1,1.680,4.009,2.2200
1,1.700,4.029,2.2200
1,1.720,4.049,2.2200
1,1.740,4.069,2.2200
1,1.760,4.089,2.2200
1,1.780,4.109,2.2200
1,1.800,4.129,2.2200
1,1.820,4.149,2.2200
1,1.840,4.169,2.2200
1,1.860,4.189,2.2200
1,1.880,4.209,2.2200
1,1.900,4.229,2.2200
1,1.920,4.249,2.2200
1,1.940,4.269,2.2200
1,1.960,4.289,2.2200
1,1.980,4.309,2.2200
1,2.000,4.329,2.2200
1,2.020,4.349,2.2200
1,2.040,4.369,2.2200
1,2.060,4.389,2.2200
1,2.080,4.409,2.2200
1,2.100,4.429,2.2200
1,2.120,4.449,2.2200
1,2.140,4.469,2.2200
1,2.160,4.489,2.2200
1,2.180,4.509,2.2200
1,2.200,4.529,2.2200
2,-2.200,0.139,0.0000
2,-2.180,0.159,0.0000
2,-2.160,0.179,0.0000
2,-2.140,0.199,0.0000
2,-2.120,0.219,0.0000
2,-2.100,0.239,0.0000
2,-2.080,0.259,0.0000
2,-2.060,0.279,0.0000
2,-2.040,0.299,0.0000
2,-2.020,0.319,0.0000
2,-2.000,0.339,0.0000
2,-1.980,0.359,0.0000
2,-1.960,0.379,0.0000
2,-1.940,0.399,0.0000
2,-1.920,0.419,0.0000
2,-1.900,0.439,0.0000
2,-1.880,0.459,0.0000
2,-1.860,0.479,0.0000
2,-1.840,0.499,0.0000
2,-1.820,0.519,0.0000
2,-1.800,0.539,0.0000
2,-1.780,0.559,0.0000
2,-1.760,0.579,0.0000
2,-1.740,0.599,0.0000
2,-1.720,0.619,0.0000
2,-1.700,0.639,0.0000
2,-1.680,0.659,0.0000
2,-1.660,0.679,0.0000
2,-1.640,0.699,0.0000
2,-1.620,0.719,0.0000
2,-1.600,0.739,0.0000
2,-1.580,0.759,0.0000
2,-1.560,0.779,0.0000
2,-1.540,0.799,0.0000
2,-1.520,0.819,0.0000
2,-1.500,0.839,0.0000
2,-1.480,0.859,0.0000
2,-1.460,0.879,0.0000
2,-1.440,0.899,0.0000
2,-1.420,0.919,0.0000
2,-1.400,0.939,0.0000
2,-1.380,0.959,0.0000
2,-1.360,0.979,0.0000
2,-1.340,0.999,0.0000
2,-1.320,1.019,0.0000
2,-1.300,1.039,0.0000
2,-1.280,1.059,0.0000
2,-1.260,1.079,0.0000
2,-1.240,1.099,0.0000
2,-1.220,1.119,0.0000
2,-1.200,1.139,0.0000
2,-1.180,1.159,0.0000
2,-1.160,1.179,0.0000
2,-1.140,1.199,0.0000
2,-1.120,1.219,0.0000
2,-1.100,1.239,0.0000
2,-1.080,1.259,0.0000
2,-1.060,1.279,0.0000
2,-1.040,1.299,0.0000
2,-1.020,1.319,0.0000
2,-1.000,1.339,0.0001
2,-0.980,1.359,0.0001
2,-0.960,1.379,0.0001
2,-0.940,1.399,0.0002
2,-0.920,1.419,0.0003
2,-0.900,1.439,0.0004
2,-0.880,1.459,0.0005
2,-0.860,1.479,0.0007
2,-0.840,1.499,0.0010
2,-0.820,1.519,0.0013
2,-0.800,1.539,0.0018
2,-0.780,1.559,0.0023
2,-0.760,1.579,0.0030
2,-0.740,1.599,0.0038
2,-0.720,1.619,0.0048
2,-0.700,1.639,0.0061
2,-0.680,1.659,0.0076
2,-0.660,1.679,0.0094
2,-0.640,1.699,0.0115
2,-0.620,1.719,0.0140
2,-0.600,1.739,0.0170
2,-0.580,1.759,0.0204
2,-0.560,1.779,0.0243
2,-0.540,1.799,0.0288
2,-0.520,1.819,0.0336
2,-0.500,1.839,0.0390
2,-0.480,1.859,0.0452
2,-0.460,1.879,0.0525
2,-0.440,1.899,0.0609
2,-0.420,1.919,0.0699
2,-0.400,1.939,0.0808
2,-0.380,1.959,0.0937
2,-0.360,1.979,0.1080
2,-0.340,1.999,0.1245
2,-0.320,2.019,0.1442
2,-0.300,2.039,0.1663
2,-0.280,2.059,0.1908
2,-0.260,2.079,0.2184
2,-0.240,2.099,0.2484
2,-0.220,2.119,0.2805
2,-0.200,2.139,0.3141
2,-0.180,2.159,0.3492
2,-0.160,2.179,0.3846
2,-0.140,2.199,0.4199
2,-0.120,2.219,0.4548
2,-0.100,2.239,0.4892
2,-0.080,2.259,0.5234
2,-0.060,2.279,0.5579
2,-0.040,2.299,0.5939
2,-0.020,2.319,0.6332
2,0.000,2.339,0.6758
2,0.020,2.359,0.7230
2,0.040,2.379,0.7758
2,0.060,2.399,0.8291
2,0.080,2.419,0.8809
2,0.100,2.439,0.9293
2,0.120,2.459,0.9728
2,0.140,2.479,1.0114
2,0.160,2.499,1.0473
2,0.180,2.519,1.0823
2,0.200,2.539,1.1185
2,0.220,2.559,1.1568
2,0.240,2.579,1.1976
2,0.260,2.599,1.2403
2,0.280,2.619,1.2848
2,0.300,2.639,1.3312
2,0.320,2.659,1.3796
2,0.340,2.679,1.4303
2,0.360,2.699,1.4842
2,0.380,2.719,1.5404
2,0.400,2.739,1.5980
2,0.420,2.759,1.6559
2,0.440,2.779,1.7131
2,0.460,2.799,1.7689
2,0.480,2.819,1.8224
2,0.500,2.839,1.8744
2,0.520,2.859,1.9247
2,0.540,2.879,1.9727
2,0.560,2.899,2.0171
2,0.580,2.919,2.0576
2,0.600,2.939,2.0943
2,0.620,2.959,2.1243
2,0.640,2.979,2.1483
2,0.660,2.999,2.1673
2,0.680,3.019,2.1820
2,0.700,3.039,2.1930
2,0.720,3.059,2.2009
2,0.740,3.079,2.2062
2,0.760,3.099,2.2100
2,0.780,3.119,2.2128
2,0.800,3.139,2.2147
2,0.820,3.159,2.2161
2,0.840,3.179,2.2171
2,0.860,3.199,2.2179
2,0.880,3.219,2.2185
2,0.900,3.239,2.2190
2,0.920,3.259,2.2193
2,0.940,3.279,2.2195
2,0.960,3.299,2.2197
2,0.980,3.319,2.2198
2,1.000,3.339,2.2199
2,1.020,3.359,2.2199
2,1.040,3.379,2.2200
2,1.060,3.399,2.2200
2,1.080,3.419,2.2200
2,1.100,3.439,2.2200
2,1.120,3.459,2.2200
2,1.140,3.479,2.2200
2,1.160,3.499,2.2200
2,1.180,3.519,2.2200
2,1.200,3.539,2.2200
2,1.220,3.559,2.2200
2,1.240,3.579,2.2200
2,1.260,3.599,2.2200
2,1.280,3.619,2.2200
2,1.300,3.639,2.2200
2,1.320,3.659,2.2200
2,1.340,3.679,2.2200
2,1.360,3.699,2.2200
2,1.380,3.719,2.2200
2,1.400,3.739,2.2200
2,1.420,3.759,2.2200
2,1.440,3.779,2.2200
2,1.460,3.799,2.2200
2,1.480,3.819,2.2200
2,1.500,3.839,2.2200
2,1.520,3.859,2.2200
2,1.540,3.879,2.2200
2,1.560,3.899,2.2200
2,1.580,3.919,2.2200
2,1.600,3.939,2.2200
2,1.620,3.959,2.2200
2,1.640,3.979,2.2200
2,1.660,3.999,2.2200
2,1.680,4.019,2.2200
2,1.700,4.039,2.2200
2,1.720,4.059,2.2200
2,1.740,4.079,2.2200
2,1.760,4.099,2.2200
2,1.780,4.119,2.2200
2,1.800,4.139,2.2200
2,1.820,4.159,2.2200
2,1.840,4.179,2.2200
2,1.860,4.199,2.2200
2,1.880,4.219,2.2200
2,1.900,4.239,2.2200
2,1.920,4.259,2.2200
2,1.940,4.279,2.2200
2,1.960,4.299,2.2200
2,1.980,4.319,2.2200
2,2.000,4.339,2.2200
2,2.020,4.359,2.2200
2,2.040,4.379,2.2200
2,2.060,4.399,2.2200
2,2.080,4.419,2.2200
2,2.100,4.439,2.2200
2,2.120,4.459,2.2200
2,2.140,4.479,2.2200
2,2.160,4.499,2.2200
2,2.180,4.519,2.2200
2,2.200,4.539,2.2200
3,-2.200,0.136,0.0000
3,-2.180,0.156,0.0000
3,-2.160,0.176,0.0000
3,-2.140,0.196,0.0000
3,-2.120,0.216,0.0000
3,-2.100,0.236,0.0000
3,-2.080,0.256,0.0000
3,-2.060,0.276,0.0000
3,-2.040,0.296,0.0000
3,-2.020,0.316,0.0000
3,-2.000,0.336,0.0000
3,-1.980,0.356,0.0000
3,-1.960,0.376,0.0000
3,-1.940,0.396,0.0000
3,-1.920,0.416,0.0000
3,-1.900,0.436,0.0000
3,-1.880,0.456,0.0000
3,-1.860,0.476,0.0000
3,-1.840,0.496,0.0000
3,-1.820,0.516,0.0000
3,-1.800,0.536,0.0000
3,-1.780,0.556,0.0000
3,-1.760,0.576,0.0000
3,-1.740,0.596,0.0000
3,-1.720,0.616,0.0000
3,-1.700,0.636,0.0000
3,-1.680,0.656,0.0000
3,-1.660,0.676,0.0000
3,-1.640,0.696,0.0000
3,-1.620,0.716,0.0000
3,-1.600,0.736,0.0000
3,-1.580,0.756,0.0000
3,-1.560,0.776,0.0000
3,-1.540,0.796,0.0000
3,-1.520,0.816,0.0000
3,-1.500,0.836,0.0000
3,-1.480,0.856,0.0000
3,-1.460,0.876,0.0000
3,-1.440,0.896,0.0000
3,-1.420,0.916,0.0000
3,-1.400,0.936,0.0000
3,-1.380,0.956,0.0000
3,-1.360,0.976,0.0000
3,-1.340,0.996,0.0000
3,-1.320,1.016,0.0000
3,-1.300,1.036,0.0000
3,-1.280,1.056,0.0000
3,-1.260,1.076,0.0000
3,-1.240,1.096,0.0000
3,-1.220,1.116,0.0000
3,-1.200,1.136,0.0000
3,-1.180,1.156,0.0000
3,-1.160,1.176,0.0000
3,-1.140,1.196,0.0000
3,-1.120,1.216,0.0000
3,-1.100,1.236,0.0000
3,-1.080,1.256,0.0000
3,-1.060,1.276,0.0000
3,-1.040,1.296,0.0000
3,-1.020,1.316,0.0000
3,-1.000,1.336,0.0000
3,-0.980,1.356,0.0001
3,-0.960,1.376,0.0001
3,-0.940,1.396,0.0001
3,-0.920,1.416,0.0002
3,-0.900,1.436,0.0003
3,-0.880,1.456,0.0004
3,-0.860,1.476,0.0006
3,-0.840,1.496,0.0008
3,-0.820,1.516,0.0010
3,-0.800,1.536,0.0014
3,-0.780,1.556,0.0018
3,-0.760,1.576,0.0024
3,-0.740,1.596,0.0031
3,-0.720,1.616,0.0039
3,-0.700,1.636,0.0050
3,-0.680,1.656,0.0062
3,-0.660,1.676,0.0078
3,-0.640,1.696,0.0097
3,-0.620,1.716,0.0118
3,-0.600,1.736,0.0144
3,-0.580,1.756,0.0174
3,-0.560,1.776,0.0209
3,-0.540,1.796,0.0248
3,-0.520,1.816,0.0294
3,-0.500,1.836,0.0343
3,-0.480,1.856,0.0398
3,-0.460,1.876,0.0461
3,-0.440,1.896,0.0535
3,-0.420,1.916,0.0621
3,-0.400,1.936,0.0713
3,-0.380,1.956,0.0822
3,-0.360,1.976,0.0954
3,-0.340,1.996,0.1102
3,-0.320,2.016,0.1271
3,-0.300,2.036,0.1470
3,-0.280,2.056,0.1694
3,-0.260,2.076,0.1944
3,-0.240,2.096,0.2224
3,-0.220,2.116,0.2524
3,-0.200,2.136,0.2849
3,-0.180,2.156,0.3188
3,-0.160,2.176,0.3539
3,-0.140,2.196,0.3898
3,-0.120,2.216,0.4262
3,-0.100,2.236,0.4633
3,-0.080,2.256,0.5024
3,-0.060,2.276,0.5452
3,-0.040,2.296,0.5922
3,-0.020,2.316,0.6450
3,0.000,2.336,0.7035
3,0.020,2.356,0.7641
3,0.040,2.376,0.8253
3,0.060,2.396,0.8857
3,0.080,2.416,0.9449
3,0.100,2.436,1.0030
3,0.120,2.456,1.0610
3,0.140,2.476,1.1208
3,0.160,2.496,1.1837
3,0.180,2.516,1.2496
3,0.200,2.536,1.3197
3,0.220,2.556,1.3910
3,0.240,2.576,1.4627
3,0.260,2.596,1.5338
3,0.280,2.616,1.6031
3,0.300,2.636,1.6708
3,0.320,2.656,1.7367
3,0.340,2.676,1.8008
3,0.360,2.696,1.8629
3,0.380,2.716,1.9221
3,0.400,2.736,1.9781
3,0.420,2.756,2.0277
3,0.440,2.776,2.0713
3,0.460,2.796,2.1083
3,0.480,2.816,2.1387
3,0.500,2.836,2.1609
3,0.520,2.856,2.1780
3,0.540,2.876,2.1909
3,0.560,2.896,2.1999
3,0.580,2.916,2.2055
3,0.600,2.936,2.2100
3,0.620,2.956,2.2129
3,0.640,2.976,2.2149
3,0.660,2.996,2.2164
3,0.680,3.016,2.2175
3,0.700,3.036,2.2182
3,0.720,3.056,2.2188
3,0.740,3.076,2.2191
3,0.760,3.096,2.2194
3,0.780,3.116,2.2196
3,0.800,3.136,2.2198
3,0.820,3.156,2.2199
3,0.840,3.176,2.2199
3,0.860,3.196,2.2200
3,0.880,3.216,2.2200
3,0.900,3.236,2.2200
3,0.920,3.256,2.2200
3,0.940,3.276,2.2200
3,0.960,3.296,2.2200
3,0.980,3.316,2.2200
3,1.000,3.336,2.2200
3,1.020,3.356,2.2200
3,1.040,3.376,2.2200
3,1.060,3.396,2.2200
3,1.080,3.416,2.2200
3,1.100,3.436,2.2200
3,1.120,3.456,2.2200
3,1.140,3.476,2.2200
3,1.160,3.496,2.2200
3,1.180,3.516,2.2200
3,1.200,3.536,2.2200
3,1.220,3.556,2.2200
3,1.240,3.576,2.2200
3,1.260,3.596,2.2200
3,1.280,3.616,2.2200
3,1.300,3.636,2.2200
3,1.320,3.656,2.2200
3,1.340,3.676,2.2200
3,1.360,3.696,2.2200
3,1.380,3.716,2.2200
3,1.400,3.736,2.2200
3,1.420,3.756,2.2200
3,1.440,3.776,2.2200
3,1.460,3.796,2.2200
3,1.480,3.816,2.2200
3,1.500,3.836,2.2200
3,1.520,3.856,2.2200
3,1.540,3.876,2.2200
3,1.560,3.896,2.2200
3,1.580,3.916,2.2200
3,1.600,3.936,2.2200
3,1.620,3.956,2.2200
3,1.640,3.976,2.2200
3,1.660,3.996,2.2200
3,1.680,4.016,2.2200
3,1.700,4.036,2.2200
3,1.720,4.056,2.2200
3,1.740,4.076,2.2200
3,1.760,4.096,2.2200
3,1.780,4.116,2.2200
3,1.800,4.136,2.2200
3,1.820,4.156,2.2200
3,1.840,4.176,2.2200
3,1.860,4.196,2.2200
3,1.880,4.216,2.2200
3,1.900,4.236,2.2200
3,1.920,4.256,2.2200
3,1.940,4.276,2.2200
3,1.960,4.296,2.2200
3,1.980,4.316,2.2200
3,2.000,4.336,2.2200
3,2.020,4.356,2.2200
3,2.040,4.376,2.2200
3,2.060,4.396,2.2200
3,2.080,4.416,2.2200
3,2.100,4.436,2.2200
3,2.120,4.456,2.2200
3,2.140,4.476,2.2200
3,2.160,4.496,2.2200
3,2.180,4.516,2.2200
3,2.200,4.536,2.2200
4,-2.200,0.464,0.0000
4,-2.180,0.484,0.0000
4,-2.160,0.504,0.0000
4,-2.140,0.524,0.0000
4,-2.120,0.544,0.0000
4,-2.100,0.564,0.0000
4,-2.080,0.584,0.0000
4,-2.060,0.604,0.0000
4,-2.040,0.624,0.0000
4,-2.020,0.644,0.0000
4,-2.000,0.664,0.0000
4,-1.980,0.684,0.0000
4,-1.960,0.704,0.0000
4,-1.940,0.724,0.0000
4,-1.920,0.744,0.0000
4,-1.900,0.764,0.0000
4,-1.880,0.784,0.0000
4,-1.860,0.804,0.0000
4,-1.840,0.824,0.0000
4,-1.820,0.844,0.0000
4,-1.800,0.864,0.0000
4,-1.780,0.884,0.0000
4,-1.760,0.904,0.0000
4,-1.740,0.924,0.0000
4,-1.720,0.944,0.0000
4,-1.700,0.964,0.0000
4,-1.680,0.984,0.0000
4,-1.660,1.004,0.0000
4,-1.640,1.024,0.0000
4,-1.620,1.044,0.0000
4,-1.600,1.064,0.0000
4,-1.580,1.084,0.0000
4,-1.560,1.104,0.0000
4,-1.540,1.124,0.0000
4,-1.520,1.144,0.0000
4,-1.500,1.164,0.0000
4,-1.480,1.184,0.0000
4,-1.460,1.204,0.0000
4,-1.440,1.224,0.0000
4,-1.420,1.244,0.0000
4,-1.400,1.264,0.0000
4,-1.380,1.284,0.0000
4,-1.360,1.304,0.0000
4,-1.340,1.324,0.0000
4,-1.320,1.344,0.0000
4,-1.300,1.364,0.0000
4,-1.280,1.384,0.0000
4,-1.260,1.404,0.0000
4,-1.240,1.424,0.0000
4,-1.220,1.444,0.0000
4,-1.200,1.464,0.0000
4,-1.180,1.484,0.0000
4,-1.160,1.504,0.0000
4,-1.140,1.524,0.0000
4,-1.120,1.544,0.0000
4,-1.100,1.564,0.0000
4,-1.080,1.584,0.0000
4,-1.060,1.604,0.0000
4,-1.040,1.624,0.0000
4,-1.020,1.644,0.0000
4,-1.000,1.664,0.0000
4,-0.980,1.684,0.0000
4,-0.960,1.704,0.0000
4,-0.940,1.724,0.0000
4,-0.920,1.744,0.0000
4,-0.900,1.764,0.0001
4,-0.880,1.784,0.0001
4,-0.860,1.804,0.0001
4,-0.840,1.824,0.0002
4,-0.820,1.844,0.0003
4,-0.800,1.864,0.0004
4,-0.780,1.884,0.0005
4,-0.760,1.904,0.0007
4,-0.740,1.924,0.0010
4,-0.720,1.944,0.0013
4,-0.700,1.964,0.0018
4,-0.680,1.984,0.0023
4,-0.660,2.004,0.0030
4,-0.640,2.024,0.0038
4,-0.620,2.044,0.0048
4,-0.600,2.064,0.0061
4,-0.580,2.084,0.0076
4,-0.560,2.104,0.0095
4,-0.540,2.124,0.0116
4,-0.520,2.144,0.0141
4,-0.500,2.164,0.0171
4,-0.480,2.184,0.0205
4,-0.460,2.204,0.0244
4,-0.440,2.224,0.0289
4,-0.420,2.244,0.0338
4,-0.400,2.264,0.0392
4,-0.380,2.284,0.0453
4,-0.360,2.304,0.0527
4,-0.340,2.324,0.0612
4,-0.320,2.344,0.0702
4,-0.300,2.364,0.0813
4,-0.280,2.384,0.0941
4,-0.260,2.404,0.1087
4,-0.240,2.424,0.1259
4,-0.220,2.444,0.1456
4,-0.200,2.464,0.1693
4,-0.180,2.484,0.1969
4,-0.160,2.504,0.2298
4,-0.140,2.524,0.2717
4,-0.120,2.544,0.3212
4,-0.100,2.564,0.3782
4,-0.080,2.584,0.4420
4,-0.060,2.604,0.5122
4,-0.040,2.624,0.5877
4,-0.020,2.644,0.6674
4,0.000,2.664,0.7524
4,0.020,2.684,0.8448
4,0.040,2.704,0.9425
4,0.060,2.724,1.0454
4,0.080,2.744,1.1533
4,0.100,2.764,1.2646
4,0.120,2.784,1.3773
4,0.140,2.804,1.4889
4,0.160,2.824,1.5970
4,0.180,2.844,1.6981
4,0.200,2.864,1.7913
4,0.220,2.884,1.8720
4,0.240,2.904,1.9405
4,0.260,2.924,1.9989
4,0.280,2.944,2.0464
4,0.300,2.964,2.0861
4,0.320,2.984,2.1182
4,0.340,3.004,2.1438
4,0.360,3.024,2.1638
4,0.380,3.044,2.1786
4,0.400,3.064,2.1903
4,0.420,3.084,2.1994
4,0.440,3.104,2.2056
4,0.460,3.124,2.2103
4,0.480,3.144,2.2136
4,0.500,3.164,2.2159
4,0.520,3.184,2.2174
4,0.540,3.204,2.2183
4,0.560,3.224,2.2190
4,0.580,3.244,2.2194
4,0.600,3.264,2.2196
4,0.620,3.284,2.2198
4,0.640,3.304,2.2199
4,0.660,3.324,2.2199
4,0.680,3.344,2.2200
4,0.700,3.364,2.2200
4,0.720,3.384,2.2200
4,0.740,3.404,2.2200
4,0.760,3.424,2.2200
4,0.780,3.444,2.2200
4,0.800,3.464,2.2200
4,0.820,3.484,2.2200
4,0.840,3.504,2.2200
4,0.860,3.524,2.2200
4,0.880,3.544,2.2200
4,0.900,3.564,2.2200
4,0.920,3.584,2.2200
4,0.940,3.604,2.2200
4,0.960,3.624,2.2200
4,0.980,3.644,2.2200
4,1.000,3.664,2.2200
4,1.020,3.684,2.2200
4,1.040,3.704,2.2200
4,1.060,3.724,2.2200
4,1.080,3.744,2.2200
4,1.100,3.764,2.2200
4,1.120,3.784,2.2200
4,1.140,3.804,2.2200
4,1.160,3.824,2.2200
4,1.180,3.844,2.2200
4,1.200,3.864,2.2200
4,1.220,3.884,2.2200
4,1.240,3.904,2.2200
4,1.260,3.924,2.2200
4,1.280,3.944,2.2200
4,1.300,3.964,2.2200
4,1.320,3.984,2.2200
4,1.340,4.004,2.2200
4,1.360,4.024,2.2200
4,1.380,4.044,2.2200
4,1.400,4.064,2.2200
4,1.420,4.084,2.2200
4,1.440,4.104,2.2200
4,1.460,4.124,2.2200
4,1.480,4.144,2.2200
4,1.500,4.164,2.2200
4,1.520,4.184,2.2200
4,1.540,4.204,2.2200
4,1.560,4.224,2.2200
4,1.580,4.244,2.2200
4,1.600,4.264,2.2200
4,1.620,4.284,2.2200
4,1.640,4.304,2.2200
4,1.660,4.324,2.2200
4,1.680,4.344,2.2200
4,1.700,4.364,2.2200
4,1.720,4.384,2.2200
4,1.740,4.404,2.2200
4,1.760,4.424,2.2200
4,1.780,4.444,2.2200
4,1.800,4.464,2.2200
4,1.820,4.484,2.2200
4,1.840,4.504,2.2200
4,1.860,4.524,2.2200
4,1.880,4.544,2.2200
4,1.900,4.564,2.2200
4,1.920,4.584,2.2200
4,1.940,4.604,2.2200
4,1.960,4.624,2.2200
4,1.980,4.644,2.2200
4,2.000,4.664,2.2200
4,2.020,4.684,2.2200
4,2.040,4.704,2.2200
4,2.060,4.724,2.2200
4,2.080,4.744,2.2200
4,2.100,4.764,2.2200
4,2.120,4.784,2.2200
4,2.140,4.804,2.2200
4,2.160,4.824,2.2200
4,2.180,4.844,2.2200
4,2.200,4.864,2.2200
5,-2.200,0.441,0.0000
5,-2.180,0.461,0.0000
5,-2.160,0.481,0.0000
5,-2.140,0.501,0.0000
5,-2.120,0.521,0.0000
5,-2.100,0.541,0.0000
5,-2.080,0.561,0.0000
5,-2.060,0.581,0.0000
5,-2.040,0.601,0.0000
5,-2.020,0.621,0.0000
5,-2.000,0.641,0.0000
5,-1.980,0.661,0.0000
5,-1.960,0.681,0.0000
5,-1.940,0.701,0.0000
5,-1.920,0.721,0.0000
5,-1.900,0.741,0.0000
5,-1.880,0.761,0.0000
5,-1.860,0.781,0.0000
5,-1.840,0.801,0.0000
5,-1.820,0.821,0.0000
5,-1.800,0.841,0.0000
5,-1.780,0.861,0.0000
5,-1.760,0.881,0.0000
5,-1.740,0.901,0.0000
5,-1.720,0.921,0.0000
5,-1.700,0.941,0.0000
5,-1.680,0.961,0.0000
5,-1.660,0.981,0.0000
5,-1.640,1.001,0.0000
5,-1.620,1.021,0.0000
5,-1.600,1.041,0.0000
5,-1.580,1.061,0.0000
5,-1.560,1.081,0.0000
5,-1.540,1.101,0.0000
5,-1.520,1.121,0.0000
5,-1.500,1.141,0.0000
5,-1.480,1.161,0.0000
5,-1.460,1.181,0.0000
5,-1.440,1.201,0.0000
5,-1.420,1.221,0.0000
5,-1.400,1.241,0.0000
5,-1.380,1.261,0.0000
5,-1.360,1.281,0.0000
5,-1.340,1.301,0.0000
5,-1.320,1.321,0.0000
5,-1.300,1.341,0.0000
5,-1.280,1.361,0.0000
5,-1.260,1.381,0.0000
5,-1.240,1.401,0.0000
5,-1.220,1.421,0.0000
5,-1.200,1.441,0.0000
5,-1.180,1.461,0.0000
5,-1.160,1.481,0.0000
5,-1.140,1.501,0.0000
5,-1.120,1.521,0.0000
5,-1.100,1.541,0.0000
5,-1.080,1.561,0.0000
5,-1.060,1.581,0.0000
5,-1.040,1.601,0.0000
5,-1.020,1.621,0.0000
5,-1.000,1.641,0.0000
5,-0.980,1.661,0.0000
5,-0.960,1.681,0.0000
5,-0.940,1.701,0.0000
5,-0.920,1.721,0.0000
5,-0.900,1.741,0.0000
5,-0.880,1.761,0.0000
5,-0.860,1.781,0.0000
5,-0.840,1.801,0.0000
5,-0.820,1.821,0.0001
5,-0.800,1.841,0.0001
5,-0.780,1.861,0.0002
5,-0.760,1.881,0.0002
5,-0.740,1.901,0.0003
5,-0.720,1.921,0.0005
5,-0.700,1.941,0.0006
5,-0.680,1.961,0.0009
5,-0.660,1.981,0.0012
5,-0.640,2.001,0.0015
5,-0.620,2.021,0.0020
5,-0.600,2.041,0.0026
5,-0.580,2.061,0.0034
5,-0.560,2.081,0.0043
5,-0.540,2.101,0.0055
5,-0.520,2.121,0.0069
5,-0.500,2.141,0.0086
5,-0.480,2.161,0.0106
5,-0.460,2.181,0.0130
5,-0.440,2.201,0.0157
5,-0.420,2.221,0.0189
5,-0.400,2.241,0.0226
5,-0.380,2.261,0.0269
5,-0.360,2.281,0.0316
5,-0.340,2.301,0.0366
5,-0.320,2.321,0.0425
5,-0.300,2.341,0.0494
5,-0.280,2.361,0.0573
5,-0.260,2.381,0.0664
5,-0.240,2.401,0.0776
5,-0.220,2.421,0.0917
5,-0.200,2.441,0.1097
5,-0.180,2.461,0.1347
5,-0.160,2.481,0.1687
5,-0.140,2.501,0.2144
5,-0.120,2.521,0.2706
5,-0.100,2.541,0.3369
5,-0.080,2.561,0.4132
5,-0.060,2.581,0.4959
5,-0.040,2.601,0.5849
5,-0.020,2.621,0.6789
5,0.000,2.641,0.7779
5,0.020,2.661,0.8813
5,0.040,2.681,0.9882
5,0.060,2.701,1.0981
5,0.080,2.721,1.2099
5,0.100,2.741,1.3215
5,0.120,2.761,1.4314
5,0.140,2.781,1.5380
5,0.160,2.801,1.6400
5,0.180,2.821,1.7355
5,0.200,2.841,1.8231
5,0.220,2.861,1.9013
5,0.240,2.881,1.9699
5,0.260,2.901,2.0280
5,0.280,2.921,2.0756
5,0.300,2.941,2.1139
5,0.320,2.961,2.1434
5,0.340,2.981,2.1660
5,0.360,3.001,2.1822
5,0.380,3.021,2.1939
5,0.400,3.041,2.2026
5,0.420,3.061,2.2085
5,0.440,3.081,2.2124
5,0.460,3.101,2.2152
5,0.480,3.121,2.2171
5,0.500,3.141,2.2182
5,0.520,3.161,2.2189
5,0.540,3.181,2.2194
5,0.560,3.201,2.2197
5,0.580,3.221,2.2198
5,0.600,3.241,2.2199
5,0.620,3.261,2.2200
5,0.640,3.281,2.2200
5,0.660,3.301,2.2200
5,0.680,3.321,2.2200
5,0.700,3.341,2.2200
5,0.720,3.361,2.2200
5,0.740,3.381,2.2200
5,0.760,3.401,2.2200
5,0.780,3.421,2.2200
5,0.800,3.441,2.2200
5,0.820,3.461,2.2200
5,0.840,3.481,2.2200
5,0.860,3.501,2.2200
5,0.880,3.521,2.2200
5,0.900,3.541,2.2200
5,0.920,3.561,2.2200
5,0.940,3.581,2.2200
5,0.960,3.601,2.2200
5,0.980,3.621,2.2200
5,1.000,3.641,2.2200
5,1.020,3.661,2.2200
5,1.040,3.681,2.2200
5,1.060,3.701,2.2200
5,1.080,3.721,2.2200
5,1.100,3.741,2.2200
5,1.120,3.761,2.2200
5,1.140,3.781,2.2200
5,1.160,3.801,2.2200
5,1.180,3.821,2.2200
5,1.200,3.841,2.2200
5,1.220,3.861,2.2200
5,1.240,3.881,2.2200
5,1.260,3.901,2.2200
5,1.280,3.921,2.2200
5,1.300,3.941,2.2200
5,1.320,3.961,2.2200
5,1.340,3.981,2.2200
5,1.360,4.001,2.2200
5,1.380,4.021,2.2200
5,1.400,4.041,2.2200
5,1.420,4.061,2.2200
5,1.440,4.081,2.2200
5,1.460,4.101,2.2200
5,1.480,4.121,2.2200
5,1.500,4.141,2.2200
5,1.520,4.161,2.2200
5,1.540,4.181,2.2200
5,1.560,4.201,2.2200
5,1.580,4.221,2.2200
5,1.600,4.241,2.2200
5,1.620,4.261,2.2200
5,1.640,4.281,2.2200
5,1.660,4.301,2.2200
5,1.680,4.321,2.2200
5,1.700,4.341,2.2200
5,1.720,4.361,2.2200
5,1.740,4.381,2.2200
5,1.760,4.401,2.2200
5,1.780,4.421,2.2200
5,1.800,4.441,2.2200
5,1.820,4.461,2.2200
5,1.840,4.481,2.2200
5,1.860,4.501,2.2200
5,1.880,4.521,2.2200
5,1.900,4.541,2.2200
5,1.920,4.561,2.2200
5,1.940,4.581,2.2200
5,1.960,4.601,2.2200
5,1.980,4.621,2.2200
5,2.000,4.641,2.2200
5,2.020,4.661,2.2200
5,2.040,4.681,2.2200
5,2.060,4.701,2.2200
5,2.080,4.721,2.2200
5,2.100,4.741,2.2200
5,2.120,4.761,2.2200
5,2.140,4.781,2.2200
5,2.160,4.801,2.2200
5,2.180,4.821,2.2200
5,2.200,4.841,2.2200
