wavelength_nm,height_fraction_of_box
380.0000,0.0534
385.0000,0.1088
390.0000,0.1608
395.0000,0.2024
400.0000,0.2321
405.0000,0.2471
410.0000,0.2542
415.0000,0.2586
420.0000,0.2591
425.0000,0.2591
430.0000,0.2565
435.0000,0.2489
440.0000,0.2400
445.0000,0.2304
450.0000,0.2233
455.0000,0.2183
460.0000,0.2186
465.0000,0.2277
470.0000,0.2455
475.0000,0.2734
480.0000,0.3024
485.0000,0.3244
490.0000,0.3369
495.0000,0.3432
500.0000,0.3481
505.0000,0.3533
510.0000,0.3660
515.0000,0.4105
520.0000,0.4685
525.0000,0.4874
530.0000,0.4576
535.0000,0.3819
540.0000,0.2684
545.0000,0.1290
550.0000,0.0264
555.0000,0.0000
560.0000,0.0000
565.0000,0.0000
570.0000,0.0000
575.0000,0.0000
580.0000,0.0000
585.0000,0.0000
590.0000,0.0000
595.0000,0.0000
600.0000,0.0000
605.0000,0.0000
610.0000,0.0000
615.0000,0.0000
620.0000,0.0000
625.0000,0.0000
630.0000,0.0000
635.0000,0.0000
640.0000,0.0000
645.0000,0.0000
650.0000,0.0000
655.0000,0.0000
660.0000,0.0000
665.0000,0.0000
670.0000,0.0000
675.0000,0.0000
680.0000,0.0000
685.0000,0.0000
690.0000,0.0000
695.0000,0.0000
700.0000,0.0000
705.0000,0.0000
710.0000,0.0000
715.0000,0.0000
720.0000,0.0000
725.0000,0.0000
730.0000,0.0000
735.0000,0.0000
740.0000,0.0000
745.0000,0.0000
750.0000,0.0000
755.0000,0.0000
760.0000,0.0000
765.0000,0.0000
770.0000,0.0000
775.0000,0.0000
780.0000,0.0000
