wavelength_nm,height_fraction_of_box (the sheet gives no y scale or unit)
375.152,0.018
376.012,0.022
376.873,0.026
377.733,0.031
378.593,0.039
379.454,0.047
380.314,0.057
381.174,0.067
382.035,0.075
382.895,0.086
383.756,0.095
384.616,0.104
385.476,0.114
386.337,0.123
387.197,0.132
388.057,0.142
388.918,0.150
389.778,0.159
390.639,0.167
391.499,0.174
392.359,0.182
393.220,0.188
394.080,0.196
394.940,0.202
395.801,0.208
396.661,0.213
397.522,0.219
398.382,0.223
399.242,0.227
400.103,0.233
400.963,0.236
401.823,0.239
402.684,0.242
403.544,0.244
404.405,0.246
405.265,0.248
406.125,0.250
406.986,0.251
407.846,0.253
408.706,0.253
409.567,0.254
410.427,0.255
411.287,0.257
412.148,0.258
413.008,0.258
413.869,0.258
414.729,0.259
415.589,0.259
416.450,0.259
417.310,0.259
418.170,0.259
419.031,0.259
419.891,0.259
420.752,0.259
421.612,0.259
422.472,0.259
423.333,0.259
424.193,0.259
425.053,0.259
425.914,0.259
426.774,0.259
427.635,0.258
428.495,0.258
429.355,0.258
430.216,0.256
431.076,0.254
431.936,0.253
432.797,0.253
433.657,0.252
434.518,0.250
435.378,0.248
436.238,0.247
437.099,0.246
437.959,0.244
438.819,0.242
439.680,0.241
440.540,0.239
441.401,0.237
442.261,0.235
443.121,0.234
443.982,0.232
444.842,0.231
445.702,0.230
446.563,0.229
447.423,0.226
448.283,0.225
449.144,0.224
450.004,0.223
450.865,0.222
451.725,0.220
452.585,0.219
453.446,0.219
454.306,0.218
455.166,0.218
456.027,0.218
456.887,0.218
457.748,0.218
458.608,0.218
459.468,0.218
460.329,0.219
461.189,0.220
462.049,0.221
462.910,0.223
463.770,0.225
464.631,0.227
465.491,0.229
466.351,0.232
467.212,0.234
468.072,0.238
468.932,0.241
469.793,0.244
470.653,0.249
471.514,0.253
472.374,0.257
473.234,0.262
474.095,0.268
474.955,0.273
475.815,0.278
476.676,0.283
477.536,0.288
478.397,0.293
479.257,0.298
480.117,0.303
480.978,0.307
481.838,0.312
482.698,0.316
483.559,0.320
484.419,0.323
485.279,0.325
486.140,0.329
487.000,0.332
487.861,0.333
488.721,0.334
489.581,0.336
490.442,0.338
491.302,0.339
492.162,0.340
493.023,0.340
493.883,0.342
494.744,0.343
495.604,0.344
496.464,0.345
497.325,0.345
498.185,0.345
499.045,0.346
499.906,0.348
500.766,0.349
501.627,0.350
502.487,0.350
503.347,0.351
504.208,0.352
505.068,0.353
505.928,0.355
506.789,0.356
507.649,0.358
508.510,0.359
509.370,0.363
510.230,0.367
511.091,0.373
511.951,0.380
512.811,0.388
513.672,0.396
514.532,0.405
515.393,0.415
516.253,0.425
517.113,0.436
517.974,0.446
518.834,0.456
519.694,0.465
520.555,0.474
521.415,0.481
522.275,0.486
523.136,0.488
523.996,0.488
524.857,0.488
525.717,0.486
526.577,0.482
527.438,0.478
528.298,0.473
529.158,0.467
530.019,0.457
530.879,0.448
531.740,0.437
532.600,0.423
533.460,0.410
534.321,0.395
535.181,0.379
536.041,0.361
536.902,0.343
537.762,0.324
538.623,0.303
539.483,0.282
540.343,0.260
541.204,0.235
542.064,0.211
542.924,0.187
543.785,0.162
544.645,0.138
545.506,0.116
546.366,0.092
547.226,0.071
548.087,0.051
548.947,0.038
549.807,0.028
550.668,0.019
