axis,n_ticks,units_per_pt,max_abs_residual,rms_residual
spectral x (nm),11,2.491387,0.68013,0.25664
spectral y (logS),5,-0.026441,0.00106,0.00075
400TX_135_TMAX x (logH),6,0.027100,0.00000,0.00000
400TX_135_TMAX y (D),5,-0.021678,0.00087,0.00053
400TX_120_TMAX x (logH),6,0.027117,0.00121,0.00072
400TX_120_TMAX y (D),5,-0.021683,0.00087,0.00061
400TX_135_D76 x (logH),6,0.027111,0.00129,0.00076
400TX_135_D76 y (D),5,-0.021678,0.00087,0.00053
400TX_120_D76 x (logH),6,0.027111,0.00129,0.00076
400TX_120_D76 y (D),5,-0.021678,0.00087,0.00053
CI x (min),7,0.162715,0.00698,0.00465
CI y,7,-0.006504,0.00019,0.00016
