logH_lux_s,D_6min,D_8min,D_10min,D_12min
-3.4400,0.1624,0.1814,0.1958,0.2096
-3.4200,0.1624,0.1819,0.1963,0.2101
-3.4000,0.1625,0.1823,0.1969,0.2105
-3.3800,0.1626,0.1827,0.1974,0.2110
-3.3600,0.1627,0.1833,0.1980,0.2118
-3.3400,0.1629,0.1838,0.1987,0.2125
-3.3200,0.1631,0.1843,0.1994,0.2133
-3.3000,0.1633,0.1848,0.2001,0.2143
-3.2800,0.1634,0.1854,0.2008,0.2152
-3.2600,0.1636,0.1860,0.2016,0.2162
-3.2400,0.1639,0.1867,0.2026,0.2176
-3.2200,0.1641,0.1874,0.2035,0.2190
-3.2000,0.1644,0.1882,0.2047,0.2205
-3.1800,0.1647,0.1890,0.2059,0.2221
-3.1600,0.1650,0.1899,0.2073,0.2240
-3.1400,0.1654,0.1908,0.2087,0.2261
-3.1200,0.1657,0.1918,0.2103,0.2285
-3.1000,0.1663,0.1929,0.2120,0.2309
-3.0800,0.1668,0.1941,0.2139,0.2337
-3.0600,0.1673,0.1954,0.2159,0.2366
-3.0400,0.1679,0.1969,0.2181,0.2398
-3.0200,0.1687,0.1984,0.2205,0.2433
-3.0000,0.1694,0.2001,0.2231,0.2471
-2.9800,0.1702,0.2019,0.2258,0.2511
-2.9600,0.1712,0.2038,0.2290,0.2555
-2.9400,0.1723,0.2061,0.2323,0.2603
-2.9200,0.1733,0.2085,0.2359,0.2655
-2.9000,0.1746,0.2111,0.2397,0.2710
-2.8800,0.1760,0.2139,0.2440,0.2770
-2.8600,0.1774,0.2170,0.2485,0.2835
-2.8400,0.1788,0.2203,0.2533,0.2905
-2.8200,0.1807,0.2239,0.2585,0.2978
-2.8000,0.1825,0.2278,0.2640,0.3055
-2.7800,0.1844,0.2318,0.2699,0.3138
-2.7600,0.1865,0.2361,0.2760,0.3225
-2.7400,0.1889,0.2407,0.2825,0.3316
-2.7200,0.1912,0.2455,0.2893,0.3412
-2.7000,0.1936,0.2506,0.2965,0.3512
-2.6800,0.1965,0.2558,0.3041,0.3617
-2.6600,0.1994,0.2614,0.3120,0.3727
-2.6400,0.2023,0.2673,0.3202,0.3842
-2.6200,0.2057,0.2734,0.3289,0.3961
-2.6000,0.2092,0.2796,0.3379,0.4084
-2.5800,0.2127,0.2863,0.3471,0.4213
-2.5600,0.2164,0.2931,0.3568,0.4344
-2.5400,0.2206,0.3001,0.3667,0.4478
-2.5200,0.2248,0.3074,0.3770,0.4616
-2.5000,0.2291,0.3151,0.3875,0.4757
-2.4800,0.2338,0.3230,0.3985,0.4903
-2.4600,0.2388,0.3312,0.4097,0.5051
-2.4400,0.2437,0.3396,0.4211,0.5201
-2.4200,0.2487,0.3482,0.4329,0.5352
-2.4000,0.2539,0.3572,0.4449,0.5506
-2.3800,0.2594,0.3663,0.4569,0.5662
-2.3600,0.2651,0.3755,0.4693,0.5819
-2.3400,0.2709,0.3850,0.4818,0.5977
-2.3200,0.2767,0.3947,0.4946,0.6136
-2.3000,0.2826,0.4044,0.5074,0.6297
-2.2800,0.2888,0.4143,0.5204,0.6458
-2.2600,0.2949,0.4244,0.5334,0.6620
-2.2400,0.3011,0.4345,0.5464,0.6783
-2.2200,0.3076,0.4446,0.5595,0.6946
-2.2000,0.3140,0.4548,0.5728,0.7109
-2.1800,0.3205,0.4650,0.5860,0.7272
-2.1600,0.3273,0.4755,0.5991,0.7433
-2.1400,0.3341,0.4859,0.6124,0.7595
-2.1200,0.3409,0.4963,0.6257,0.7758
-2.1000,0.3479,0.5068,0.6389,0.7920
-2.0800,0.3550,0.5174,0.6522,0.8081
-2.0600,0.3621,0.5280,0.6654,0.8241
-2.0400,0.3693,0.5387,0.6786,0.8401
-2.0200,0.3768,0.5495,0.6917,0.8559
-2.0000,0.3843,0.5601,0.7048,0.8717
-1.9800,0.3917,0.5710,0.7181,0.8875
-1.9600,0.3995,0.5817,0.7312,0.9030
-1.9400,0.4073,0.5925,0.7443,0.9185
-1.9200,0.4151,0.6034,0.7574,0.9342
-1.9000,0.4231,0.6143,0.7705,0.9498
-1.8800,0.4311,0.6253,0.7838,0.9653
-1.8600,0.4392,0.6364,0.7971,0.9808
-1.8400,0.4475,0.6475,0.8103,0.9963
-1.8200,0.4559,0.6587,0.8235,1.0118
-1.8000,0.4643,0.6699,0.8369,1.0274
-1.7800,0.4728,0.6812,0.8503,1.0429
-1.7600,0.4815,0.6925,0.8637,1.0584
-1.7400,0.4902,0.7038,0.8771,1.0740
-1.7200,0.4990,0.7151,0.8907,1.0897
-1.7000,0.5080,0.7265,0.9043,1.1054
-1.6800,0.5170,0.7382,0.9179,1.1212
-1.6600,0.5260,0.7497,0.9317,1.1370
-1.6400,0.5353,0.7612,0.9455,1.1528
-1.6200,0.5446,0.7729,0.9593,1.1687
-1.6000,0.5539,0.7846,0.9732,1.1847
-1.5800,0.5635,0.7966,0.9872,1.2009
-1.5600,0.5729,0.8082,1.0011,1.2169
-1.5400,0.5825,0.8201,1.0151,1.2329
-1.5200,0.5922,0.8321,1.0292,1.2491
-1.5000,0.6019,0.8440,1.0433,1.2654
-1.4800,0.6123,0.8562,1.0574,1.2814
-1.4600,0.6227,0.8683,1.0717,1.2975
-1.4400,0.6331,0.8805,1.0859,1.3138
-1.4200,0.6436,0.8928,1.1001,1.3301
-1.4000,0.6541,0.9050,1.1143,1.3462
-1.3800,0.6646,0.9175,1.1285,1.3622
-1.3600,0.6751,0.9299,1.1428,1.3782
-1.3400,0.6857,0.9424,1.1571,1.3943
-1.3200,0.6963,0.9549,1.1714,1.4105
-1.3000,0.7069,0.9677,1.1858,1.4267
-1.2800,0.7176,0.9804,1.2003,1.4429
-1.2600,0.7283,0.9932,1.2148,1.4593
-1.2400,0.7390,1.0061,1.2294,1.4757
-1.2200,0.7497,1.0191,1.2440,1.4921
-1.2000,0.7605,1.0320,1.2586,1.5085
-1.1800,0.7712,1.0452,1.2734,1.5249
-1.1600,0.7821,1.0581,1.2881,1.5414
-1.1400,0.7929,1.0712,1.3028,1.5578
-1.1200,0.8037,1.0844,1.3175,1.5743
-1.1000,0.8146,1.0975,1.3323,1.5906
-1.0800,0.8256,1.1107,1.3471,1.6070
-1.0600,0.8365,1.1238,1.3618,1.6234
-1.0400,0.8475,1.1368,1.3765,1.6396
-1.0200,0.8584,1.1498,1.3911,1.6558
-1.0000,0.8694,1.1628,1.4058,1.6720
-0.9800,0.8805,1.1759,1.4205,1.6881
-0.9600,0.8915,1.1887,1.4349,1.7041
-0.9400,0.9026,1.2015,1.4493,1.7200
-0.9200,0.9137,1.2143,1.4638,1.7360
-0.9000,0.9248,1.2270,1.4785,1.7518
-0.8800,0.9359,1.2398,1.4930,1.7677
-0.8600,0.9471,1.2524,1.5075,1.7836
-0.8400,0.9583,1.2649,1.5220,1.7995
-0.8200,0.9695,1.2774,1.5365,1.8153
-0.8000,0.9807,1.2899,1.5510,1.8312
-0.7800,0.9920,1.3022,1.5653,1.8469
-0.7600,1.0032,1.3145,1.5798,1.8627
-0.7400,1.0143,1.3269,1.5941,1.8784
-0.7200,1.0252,1.3392,1.6084,1.8942
-0.7000,1.0362,1.3516,1.6228,1.9099
-0.6800,1.0468,1.3640,1.6372,1.9255
-0.6600,1.0574,1.3765,1.6515,1.9412
-0.6400,1.0680,1.3890,1.6657,1.9568
-0.6200,1.0786,1.4016,1.6799,1.9724
-0.6000,1.0891,1.4142,1.6940,1.9879
-0.5800,1.0997,1.4270,1.7081,2.0034
-0.5600,1.1102,1.4395,1.7221,2.0187
-0.5400,1.1206,1.4522,1.7360,2.0340
-0.5200,1.1311,1.4650,1.7500,2.0494
-0.5000,1.1415,1.4777,1.7639,2.0648
-0.4800,1.1520,1.4904,1.7777,2.0800
-0.4600,1.1623,1.5031,1.7915,2.0952
-0.4400,1.1727,1.5156,1.8053,2.1104
-0.4200,1.1831,1.5282,1.8190,2.1255
-0.4000,1.1934,1.5407,1.8327,2.1407
-0.3800,1.2037,1.5531,1.8462,2.1556
-0.3600,1.2140,1.5653,1.8596,2.1704
-0.3400,1.2243,1.5774,1.8730,2.1850
-0.3200,1.2345,1.5895,1.8864,2.1996
-0.3000,1.2448,1.6015,1.8997,2.2141
-0.2800,1.2550,1.6133,1.9129,2.2284
-0.2600,1.2652,1.6251,1.9261,2.2424
-0.2400,1.2754,1.6366,1.9391,2.2563
-0.2200,1.2856,1.6481,1.9521,2.2699
-0.2000,1.2958,1.6594,1.9649,2.2832
-0.1800,1.3059,1.6706,1.9776,2.2965
-0.1600,1.3161,1.6818,1.9903,2.3097
-0.1400,1.3262,1.6930,2.0028,2.3227
-0.1200,1.3363,1.7041,2.0152,2.3356
-0.1000,1.3464,1.7152,2.0273,2.3483
-0.0800,1.3565,1.7264,2.0394,2.3612
-0.0600,1.3666,1.7376,2.0515,2.3740
-0.0400,1.3767,1.7488,2.0634,2.3868
-0.0200,1.3868,1.7602,2.0751,2.3995
0.0000,1.3969,1.7715,2.0867,2.4121
0.0200,1.4069,1.7826,2.0982,2.4248
0.0400,1.4170,1.7937,2.1097,2.4374
0.0600,1.4270,1.8046,2.1209,2.4499
0.0800,1.4371,1.8154,2.1321,2.4623
0.1000,1.4471,1.8260,2.1431,2.4746
0.1200,1.4571,1.8364,2.1539,2.4868
0.1400,1.4672,1.8465,2.1646,2.4988
0.1600,1.4772,1.8566,2.1752,2.5108
0.1800,1.4871,1.8665,2.1857,2.5227
0.2000,1.4970,1.8763,2.1962,2.5346
0.2200,1.5068,1.8861,2.2067,2.5464
0.2400,1.5165,1.8954,2.2170,2.5581
0.2600,1.5263,1.9048,2.2273,2.5697
0.2800,1.5360,1.9141,2.2376,2.5813
0.3000,1.5456,1.9231,2.2477,2.5928
0.3200,1.5552,1.9321,2.2578,2.6043
0.3400,1.5648,1.9411,2.2679,2.6157
