developer,time_min,contrast_index
HC-110 (B),11.920,1.0600
HC-110 (B),11.058,1.0326
HC-110 (B),10.329,1.0047
HC-110 (B),9.719,0.9766
HC-110 (B),9.203,0.9486
HC-110 (B),8.766,0.9209
HC-110 (B),8.388,0.8939
HC-110 (B),8.050,0.8678
HC-110 (B),7.734,0.8430
HC-110 (B),7.425,0.8196
HC-110 (B),7.120,0.7977
HC-110 (B),6.821,0.7768
HC-110 (B),6.530,0.7569
HC-110 (B),6.251,0.7378
HC-110 (B),5.983,0.7192
HC-110 (B),5.728,0.7010
HC-110 (B),5.491,0.6829
HC-110 (B),5.268,0.6648
HC-110 (B),5.051,0.6466
HC-110 (B),4.830,0.6282
HC-110 (B),4.592,0.6095
HC-110 (B),4.327,0.5904
HC-110 (B),4.021,0.5708
HC-110 (B),3.666,0.5507
HC-110 (B),3.249,0.5300
T-MAX RS,3.249,0.5100
T-MAX RS,3.956,0.5447
T-MAX RS,4.549,0.5723
T-MAX RS,5.041,0.5938
T-MAX RS,5.454,0.6106
T-MAX RS,5.799,0.6239
T-MAX RS,6.095,0.6351
T-MAX RS,6.358,0.6454
T-MAX RS,6.603,0.6560
T-MAX RS,6.846,0.6680
T-MAX RS,7.090,0.6815
T-MAX RS,7.340,0.6963
T-MAX RS,7.596,0.7122
T-MAX RS,7.865,0.7292
T-MAX RS,8.144,0.7470
T-MAX RS,8.442,0.7655
T-MAX RS,8.759,0.7844
T-MAX RS,9.098,0.8039
T-MAX RS,9.471,0.8243
T-MAX RS,9.886,0.8458
T-MAX RS,10.357,0.8692
T-MAX RS,10.893,0.8949
T-MAX RS,11.505,0.9232
T-MAX RS,12.204,0.9548
T-MAX RS,13.000,0.9900
T-MAX,10.830,0.8560
T-MAX,8.130,0.6810
T-MAX,6.499,0.5840
T-MAX,5.419,0.5200
D-76,10.830,0.8160
D-76,10.442,0.7810
D-76,10.137,0.7589
D-76,9.813,0.7371
D-76,9.474,0.7155
D-76,9.122,0.6941
D-76,8.761,0.6728
D-76,8.393,0.6517
D-76,8.021,0.6307
D-76,7.648,0.6097
D-76,7.277,0.5887
D-76,6.910,0.5677
D-76,6.552,0.5466
D-76,6.204,0.5254
D-76,5.419,0.4760
XTOL,14.080,0.9800
XTOL,13.374,0.9296
XTOL,12.736,0.8865
XTOL,12.161,0.8498
XTOL,11.640,0.8185
XTOL,11.168,0.7916
XTOL,10.739,0.7683
XTOL,10.343,0.7477
XTOL,9.975,0.7288
XTOL,9.630,0.7109
XTOL,9.299,0.6935
XTOL,8.981,0.6765
XTOL,8.670,0.6595
XTOL,8.362,0.6424
XTOL,8.050,0.6248
XTOL,7.732,0.6066
XTOL,7.401,0.5875
XTOL,7.053,0.5671
XTOL,6.677,0.5449
XTOL,6.263,0.5204
XTOL,5.801,0.4928
XTOL,5.279,0.4616
XTOL,4.687,0.4261
XTOL,4.013,0.3858
XTOL,3.249,0.3400
XTOL 1:1,4.329,0.3700
XTOL 1:1,6.500,0.4600
XTOL 1:1,8.669,0.5500
XTOL 1:1,10.830,0.6300
XTOL 1:1,13.000,0.7100
XTOL 1:1,17.330,0.9000
D-76 (1:1),5.419,0.3700
D-76 (1:1),6.180,0.4050
D-76 (1:1),6.852,0.4354
D-76 (1:1),7.444,0.4618
D-76 (1:1),7.964,0.4847
D-76 (1:1),8.428,0.5046
D-76 (1:1),8.843,0.5222
D-76 (1:1),9.220,0.5380
D-76 (1:1),9.569,0.5525
D-76 (1:1),9.900,0.5662
D-76 (1:1),10.218,0.5795
D-76 (1:1),10.529,0.5926
D-76 (1:1),10.834,0.6056
D-76 (1:1),11.140,0.6189
D-76 (1:1),11.450,0.6326
D-76 (1:1),11.767,0.6471
D-76 (1:1),12.098,0.6625
D-76 (1:1),12.451,0.6792
D-76 (1:1),12.857,0.6978
D-76 (1:1),13.350,0.7194
D-76 (1:1),13.970,0.7447
D-76 (1:1),14.751,0.7745
D-76 (1:1),15.728,0.8098
D-76 (1:1),16.939,0.8513
D-76 (1:1),18.420,0.9000
