curve,time_min,Dmin,contrast_index,logH_speed_point,speed_0.8_over_Hm,deltaD_over_1.3logH
400TX_135_TMAX,6,0.315,0.546,-2.714,414,0.680
400TX_135_TMAX,7,0.331,0.605,-2.774,476,0.754
400TX_135_TMAX,9,0.357,0.730,-2.865,586,0.913
400TX_135_TMAX,11,0.382,0.861,-2.940,696,1.076
400TX_135_TMAX,t(CI=0.56) by interpolation across the plotted curves,6.23,,,,
400TX_120_TMAX,6,0.203,0.550,-2.698,399,0.681
400TX_120_TMAX,7,0.220,0.609,-2.763,464,0.751
400TX_120_TMAX,9,0.250,0.724,-2.869,591,0.899
400TX_120_TMAX,11,0.275,0.840,-2.942,699,1.043
400TX_120_TMAX,t(CI=0.56) by interpolation across the plotted curves,6.17,,,,
400TX_135_D76,6,0.271,0.469,-2.484,244,0.583
400TX_135_D76,8,0.289,0.575,-2.658,364,0.714
400TX_135_D76,10,0.305,0.680,-2.765,466,0.852
400TX_135_D76,12,0.325,0.804,-2.849,566,1.017
400TX_135_D76,t(CI=0.56) by interpolation across the plotted curves,7.72,,,,
400TX_120_D76,6,0.162,0.460,-2.369,187,0.569
400TX_120_D76,8,0.181,0.559,-2.595,315,0.690
400TX_120_D76,10,0.196,0.656,-2.702,403,0.817
400TX_120_D76,12,0.210,0.766,-2.790,493,0.964
400TX_120_D76,t(CI=0.56) by interpolation across the plotted curves,8.02,,,,
