log_exposure_rel_midgrey,logH_lux_s,D_over_min,D_gross,is_sheet_range
-3.00000,-4.69897,0.00000,0.28625,0.00000
-2.97255,-4.67152,0.00000,0.28625,0.00000
-2.94510,-4.64407,0.00000,0.28625,0.00000
-2.91765,-4.61662,0.00000,0.28625,0.00000
-2.89020,-4.58917,0.00000,0.28625,0.00000
-2.86275,-4.56172,0.00000,0.28625,0.00000
-2.83529,-4.53426,0.00000,0.28625,0.00000
-2.80784,-4.50681,0.00000,0.28625,0.00000
-2.78039,-4.47936,0.00000,0.28625,0.00000
-2.75294,-4.45191,0.00000,0.28625,0.00000
-2.72549,-4.42446,0.00000,0.28625,0.00000
-2.69804,-4.39701,0.00000,0.28625,0.00000
-2.67059,-4.36956,0.00000,0.28625,0.00000
-2.64314,-4.34211,0.00000,0.28625,0.00000
-2.61569,-4.31466,0.00000,0.28625,0.00000
-2.58824,-4.28721,0.00000,0.28625,0.00000
-2.56078,-4.25975,0.00000,0.28625,0.00000
-2.53333,-4.23230,0.00000,0.28625,0.00000
-2.50588,-4.20485,0.00000,0.28625,0.00000
-2.47843,-4.17740,0.00000,0.28625,0.00000
-2.45098,-4.14995,0.00000,0.28625,0.00000
-2.42353,-4.12250,0.00000,0.28625,0.00000
-2.39608,-4.09505,0.00000,0.28625,0.00000
-2.36863,-4.06760,0.00000,0.28625,0.00000
-2.34118,-4.04015,0.00000,0.28625,0.00000
-2.31373,-4.01270,0.00000,0.28625,0.00000
-2.28627,-3.98524,0.00000,0.28625,0.00000
-2.25882,-3.95779,0.00000,0.28625,0.00000
-2.23137,-3.93034,0.00000,0.28625,0.00000
-2.20392,-3.90289,0.00000,0.28625,0.00000
-2.17647,-3.87544,0.00000,0.28625,0.00000
-2.14902,-3.84799,0.00000,0.28625,0.00000
-2.12157,-3.82054,0.00000,0.28625,0.00000
-2.09412,-3.79309,0.00000,0.28625,0.00000
-2.06667,-3.76564,0.00000,0.28625,0.00000
-2.03922,-3.73819,0.00000,0.28625,0.00000
-2.01176,-3.71073,0.00000,0.28625,0.00000
-1.98431,-3.68328,0.00000,0.28625,0.00000
-1.95686,-3.65583,0.00000,0.28625,0.00000
-1.92941,-3.62838,0.00000,0.28625,0.00000
-1.90196,-3.60093,0.00000,0.28625,0.00000
-1.87451,-3.57348,0.00000,0.28625,0.00000
-1.84706,-3.54603,0.00000,0.28625,0.00000
-1.81961,-3.51858,0.00000,0.28625,0.00000
-1.79216,-3.49113,0.00000,0.28625,0.00000
-1.76471,-3.46368,0.00000,0.28625,0.00000
-1.73725,-3.43622,0.00014,0.28638,1.00000
-1.70980,-3.40877,0.00112,0.28736,1.00000
-1.68235,-3.38132,0.00202,0.28827,1.00000
-1.65490,-3.35387,0.00302,0.28926,1.00000
-1.62745,-3.32642,0.00402,0.29026,1.00000
-1.60000,-3.29897,0.00511,0.29136,1.00000
-1.57255,-3.27152,0.00627,0.29251,1.00000
-1.54510,-3.24407,0.00743,0.29368,1.00000
-1.51765,-3.21662,0.00866,0.29490,1.00000
-1.49020,-3.18917,0.01006,0.29631,1.00000
-1.46275,-3.16172,0.01153,0.29778,1.00000
-1.43529,-3.13426,0.01320,0.29945,1.00000
-1.40784,-3.10681,0.01520,0.30145,1.00000
-1.38039,-3.07936,0.01730,0.30355,1.00000
-1.35294,-3.05191,0.01965,0.30590,1.00000
-1.32549,-3.02446,0.02214,0.30839,1.00000
-1.29804,-2.99701,0.02494,0.31119,1.00000
-1.27059,-2.96956,0.02803,0.31428,1.00000
-1.24314,-2.94211,0.03155,0.31780,1.00000
-1.21569,-2.91466,0.03545,0.32169,1.00000
-1.18824,-2.88721,0.03976,0.32600,1.00000
-1.16078,-2.85975,0.04446,0.33070,1.00000
-1.13333,-2.83230,0.04967,0.33592,1.00000
-1.10588,-2.80485,0.05537,0.34162,1.00000
-1.07843,-2.77740,0.06154,0.34779,1.00000
-1.05098,-2.74995,0.06833,0.35457,1.00000
-1.02353,-2.72250,0.07541,0.36166,1.00000
-0.99608,-2.69505,0.08294,0.36919,1.00000
-0.96863,-2.66760,0.09118,0.37742,1.00000
-0.94118,-2.64015,0.09988,0.38613,1.00000
-0.91373,-2.61270,0.10917,0.39542,1.00000
-0.88627,-2.58524,0.11883,0.40508,1.00000
-0.85882,-2.55779,0.12895,0.41520,1.00000
-0.83137,-2.53034,0.13949,0.42574,1.00000
-0.80392,-2.50289,0.15062,0.43687,1.00000
-0.77647,-2.47544,0.16232,0.44856,1.00000
-0.74902,-2.44799,0.17428,0.46053,1.00000
-0.72157,-2.42054,0.18657,0.47281,1.00000
-0.69412,-2.39309,0.19939,0.48564,1.00000
-0.66667,-2.36564,0.21258,0.49883,1.00000
-0.63922,-2.33819,0.22598,0.51223,1.00000
-0.61176,-2.31073,0.23972,0.52597,1.00000
-0.58431,-2.28328,0.25353,0.53978,1.00000
-0.55686,-2.25583,0.26752,0.55376,1.00000
-0.52941,-2.22838,0.28175,0.56800,1.00000
-0.50196,-2.20093,0.29596,0.58221,1.00000
-0.47451,-2.17348,0.31038,0.59663,1.00000
-0.44706,-2.14603,0.32474,0.61099,1.00000
-0.41961,-2.11858,0.33933,0.62557,1.00000
-0.39216,-2.09113,0.35410,0.64035,1.00000
-0.36471,-2.06368,0.36895,0.65520,1.00000
-0.33725,-2.03622,0.38388,0.67012,1.00000
-0.30980,-2.00877,0.39888,0.68512,1.00000
-0.28235,-1.98132,0.41405,0.70030,1.00000
-0.25490,-1.95387,0.42932,0.71557,1.00000
-0.22745,-1.92642,0.44465,0.73090,1.00000
-0.20000,-1.89897,0.46004,0.74629,1.00000
-0.17255,-1.87152,0.47553,0.76177,1.00000
-0.14510,-1.84407,0.49097,0.77722,1.00000
-0.11765,-1.81662,0.50654,0.79278,1.00000
-0.09020,-1.78917,0.52216,0.80841,1.00000
-0.06275,-1.76172,0.53771,0.82396,1.00000
-0.03529,-1.73426,0.55331,0.83956,1.00000
-0.00784,-1.70681,0.56909,0.85534,1.00000
0.01961,-1.67936,0.58503,0.87128,1.00000
0.04706,-1.65191,0.60104,0.88729,1.00000
0.07451,-1.62446,0.61714,0.90338,1.00000
0.10196,-1.59701,0.63327,0.91951,1.00000
0.12941,-1.56956,0.64971,0.93596,1.00000
0.15686,-1.54211,0.66626,0.95251,1.00000
0.18431,-1.51466,0.68301,0.96925,1.00000
0.21176,-1.48721,0.69994,0.98618,1.00000
0.23922,-1.45975,0.71713,1.00337,1.00000
0.26667,-1.43230,0.73449,1.02074,1.00000
0.29412,-1.40485,0.75196,1.03821,1.00000
0.32157,-1.37740,0.76935,1.05560,1.00000
0.34902,-1.34995,0.78693,1.07318,1.00000
0.37647,-1.32250,0.80466,1.09091,1.00000
0.40392,-1.29505,0.82231,1.10855,1.00000
0.43137,-1.26760,0.83999,1.12624,1.00000
0.45882,-1.24015,0.85767,1.14392,1.00000
0.48627,-1.21270,0.87517,1.16142,1.00000
0.51373,-1.18524,0.89258,1.17883,1.00000
0.54118,-1.15779,0.91000,1.19625,1.00000
0.56863,-1.13034,0.92742,1.21366,1.00000
0.59608,-1.10289,0.94491,1.23115,1.00000
0.62353,-1.07544,0.96244,1.24869,1.00000
0.65098,-1.04799,0.97995,1.26620,1.00000
0.67843,-1.02054,0.99755,1.28380,1.00000
0.70588,-0.99309,1.01521,1.30145,1.00000
0.73333,-0.96564,1.03287,1.31912,1.00000
0.76078,-0.93819,1.05040,1.33664,1.00000
0.78824,-0.91073,1.06801,1.35426,1.00000
0.81569,-0.88328,1.08556,1.37181,1.00000
0.84314,-0.85583,1.10290,1.38914,1.00000
0.87059,-0.82838,1.12010,1.40635,1.00000
0.89804,-0.80093,1.13705,1.42330,1.00000
0.92549,-0.77348,1.15405,1.44029,1.00000
0.95294,-0.74603,1.17082,1.45707,1.00000
0.98039,-0.71858,1.18742,1.47367,1.00000
1.00784,-0.69113,1.20421,1.49046,1.00000
1.03529,-0.66368,1.22085,1.50710,1.00000
1.06275,-0.63622,1.23740,1.52365,1.00000
1.09020,-0.60877,1.25394,1.54019,1.00000
1.11765,-0.58132,1.27034,1.55658,1.00000
1.14510,-0.55387,1.28668,1.57293,1.00000
1.17255,-0.52642,1.30318,1.58942,1.00000
1.20000,-0.49897,1.31954,1.60579,1.00000
1.22745,-0.47152,1.33568,1.62193,1.00000
1.25490,-0.44407,1.35200,1.63825,1.00000
1.28235,-0.41662,1.36811,1.65435,1.00000
1.30980,-0.38917,1.38422,1.67046,1.00000
1.33725,-0.36172,1.40016,1.68641,1.00000
1.36471,-0.33426,1.41585,1.70210,1.00000
1.39216,-0.30681,1.43142,1.71767,1.00000
1.41961,-0.27936,1.44690,1.73315,1.00000
1.44706,-0.25191,1.46218,1.74843,1.00000
1.47451,-0.22446,1.47724,1.76349,1.00000
1.50196,-0.19701,1.49206,1.77831,1.00000
1.52941,-0.16956,1.50663,1.79288,1.00000
1.55686,-0.14211,1.52119,1.80743,1.00000
1.58431,-0.11466,1.53549,1.82174,1.00000
1.61176,-0.08721,1.54972,1.83597,1.00000
1.63922,-0.05975,1.56401,1.85025,1.00000
1.66667,-0.03230,1.57802,1.86427,1.00000
1.69412,-0.00485,1.59196,1.87821,1.00000
1.72157,0.02260,1.60573,1.89198,1.00000
1.74902,0.05005,1.61903,1.90528,1.00000
1.77647,0.07750,1.63177,1.91802,1.00000
1.80392,0.10495,1.64418,1.93043,1.00000
1.83137,0.13240,1.65633,1.94258,1.00000
1.85882,0.15985,1.66833,1.95457,1.00000
1.88627,0.18730,1.68014,1.96638,1.00000
1.91373,0.21476,1.69206,1.97831,1.00000
1.94118,0.24221,1.70399,1.99024,1.00000
1.96863,0.26966,1.71609,2.00233,1.00000
1.99608,0.29711,1.72834,2.01458,1.00000
2.02353,0.32456,1.74082,2.02707,1.00000
2.05098,0.35201,1.75350,2.03975,0.00000
2.07843,0.37946,1.76619,2.05244,0.00000
2.10588,0.40691,1.77887,2.06511,0.00000
2.13333,0.43436,1.79152,2.07777,0.00000
2.16078,0.46181,1.80417,2.09041,0.00000
2.18824,0.48927,1.81679,2.10304,0.00000
2.21569,0.51672,1.82940,2.11564,0.00000
2.24314,0.54417,1.84198,2.12823,0.00000
2.27059,0.57162,1.85455,2.14080,0.00000
2.29804,0.59907,1.86710,2.15334,0.00000
2.32549,0.62652,1.87962,2.16587,0.00000
2.35294,0.65397,1.89212,2.17837,0.00000
2.38039,0.68142,1.90460,2.19085,0.00000
2.40784,0.70887,1.91705,2.20330,0.00000
2.43529,0.73632,1.92947,2.21572,0.00000
2.46275,0.76378,1.94187,2.22812,0.00000
2.49020,0.79123,1.95424,2.24049,0.00000
2.51765,0.81868,1.96657,2.25282,0.00000
2.54510,0.84613,1.97888,2.26513,0.00000
2.57255,0.87358,1.99115,2.27740,0.00000
2.60000,0.90103,2.00339,2.28963,0.00000
2.62745,0.92848,2.01558,2.30183,0.00000
2.65490,0.95593,2.02774,2.31399,0.00000
2.68235,0.98338,2.03986,2.32611,0.00000
2.70980,1.01083,2.05194,2.33819,0.00000
2.73725,1.03828,2.06397,2.35022,0.00000
2.76471,1.06574,2.07596,2.36220,0.00000
2.79216,1.09319,2.08790,2.37414,0.00000
2.81961,1.12064,2.09978,2.38603,0.00000
2.84706,1.14809,2.11162,2.39786,0.00000
2.87451,1.17554,2.12340,2.40964,0.00000
2.90196,1.20299,2.13512,2.42136,0.00000
2.92941,1.23044,2.14678,2.43303,0.00000
2.95686,1.25789,2.15838,2.44463,0.00000
2.98431,1.28534,2.16991,2.45616,0.00000
3.01176,1.31279,2.18138,2.46763,0.00000
3.03922,1.34025,2.19277,2.47902,0.00000
3.06667,1.36770,2.20410,2.49034,0.00000
3.09412,1.39515,2.21534,2.50159,0.00000
3.12157,1.42260,2.22651,2.51276,0.00000
3.14902,1.45005,2.23759,2.52384,0.00000
3.17647,1.47750,2.24859,2.53484,0.00000
3.20392,1.50495,2.25950,2.54575,0.00000
3.23137,1.53240,2.27032,2.55657,0.00000
3.25882,1.55985,2.28105,2.56730,0.00000
3.28627,1.58730,2.29167,2.57792,0.00000
3.31373,1.61476,2.30220,2.58845,0.00000
3.34118,1.64221,2.31262,2.59887,0.00000
3.36863,1.66966,2.32293,2.60918,0.00000
3.39608,1.69711,2.33313,2.61938,0.00000
3.42353,1.72456,2.34322,2.62946,0.00000
3.45098,1.75201,2.35318,2.63943,0.00000
3.47843,1.77946,2.36303,2.64928,0.00000
3.50588,1.80691,2.37275,2.65900,0.00000
3.53333,1.83436,2.38234,2.66859,0.00000
3.56078,1.86181,2.39181,2.67805,0.00000
3.58824,1.88927,2.40113,2.68738,0.00000
3.61569,1.91672,2.41032,2.69657,0.00000
3.64314,1.94417,2.41937,2.70562,0.00000
3.67059,1.97162,2.42828,2.71452,0.00000
3.69804,1.99907,2.43704,2.72328,0.00000
3.72549,2.02652,2.44565,2.73189,0.00000
3.75294,2.05397,2.45410,2.74035,0.00000
3.78039,2.08142,2.46241,2.74866,0.00000
3.80784,2.10887,2.47056,2.75680,0.00000
3.83529,2.13632,2.47855,2.76479,0.00000
3.86275,2.16378,2.48638,2.77262,0.00000
3.89020,2.19123,2.49404,2.78029,0.00000
3.91765,2.21868,2.50155,2.78780,0.00000
3.94510,2.24613,2.50889,2.79514,0.00000
3.97255,2.27358,2.51606,2.80231,0.00000
4.00000,2.30103,2.52307,2.80932,0.00000
