wavelength_nm,logS_sheet_units,logS_profile,is_sheet_range
380.00000,2.71080,-0.71500,1.00000
385.00000,2.70969,-0.71612,1.00000
390.00000,2.70691,-0.71890,1.00000
395.00000,2.70277,-0.72303,1.00000
400.00000,2.69762,-0.72818,1.00000
405.00000,2.69266,-0.73314,1.00000
410.00000,2.68678,-0.73902,1.00000
415.00000,2.67998,-0.74583,1.00000
420.00000,2.67094,-0.75486,1.00000
425.00000,2.65974,-0.76606,1.00000
430.00000,2.64651,-0.77930,1.00000
435.00000,2.63138,-0.79442,1.00000
440.00000,2.61456,-0.81124,1.00000
445.00000,2.59633,-0.82947,1.00000
450.00000,2.57560,-0.85021,1.00000
455.00000,2.55092,-0.87488,1.00000
460.00000,2.52111,-0.90470,1.00000
465.00000,2.48615,-0.93965,1.00000
470.00000,2.44683,-0.97898,1.00000
475.00000,2.40463,-1.02118,1.00000
480.00000,2.36147,-1.06433,1.00000
485.00000,2.31988,-1.10592,1.00000
490.00000,2.28192,-1.14388,1.00000
495.00000,2.25121,-1.17459,1.00000
500.00000,2.23083,-1.19497,1.00000
505.00000,2.22467,-1.20113,1.00000
510.00000,2.23110,-1.19471,1.00000
515.00000,2.24708,-1.17872,1.00000
520.00000,2.26911,-1.15669,1.00000
525.00000,2.29323,-1.13258,1.00000
530.00000,2.31657,-1.10923,1.00000
535.00000,2.33982,-1.08598,1.00000
540.00000,2.36185,-1.06395,1.00000
545.00000,2.38214,-1.04367,1.00000
550.00000,2.40058,-1.02522,1.00000
555.00000,2.41708,-1.00872,1.00000
560.00000,2.43151,-0.99429,1.00000
565.00000,2.44358,-0.98222,1.00000
570.00000,2.45149,-0.97431,1.00000
575.00000,2.45303,-0.97277,1.00000
580.00000,2.44534,-0.98047,1.00000
585.00000,2.42827,-0.99753,1.00000
590.00000,2.40445,-1.02136,1.00000
595.00000,2.38247,-1.04333,1.00000
600.00000,2.37211,-1.05369,1.00000
605.00000,2.37602,-1.04978,1.00000
610.00000,2.39190,-1.03390,1.00000
615.00000,2.40830,-1.01750,1.00000
620.00000,2.41383,-1.01197,1.00000
625.00000,2.39351,-1.03229,1.00000
630.00000,2.32885,-1.09695,1.00000
635.00000,2.19104,-1.23476,1.00000
640.00000,1.94267,-1.48313,1.00000
645.00000,1.53810,-1.88770,1.00000
650.00000,1.05722,-2.36858,1.00000
655.00000,0.67195,-2.75385,1.00000
660.00000,0.37140,-3.05440,1.00000
665.00000,0.12185,-3.30396,1.00000
670.00000,-0.10890,-3.53470,0.00000
675.00000,-0.37180,-3.79760,0.00000
680.00000,-0.63470,-4.06050,0.00000
685.00000,-0.89760,-4.32340,0.00000
690.00000,-1.16050,-4.58630,0.00000
695.00000,-1.42340,-4.84920,0.00000
700.00000,-1.68630,-5.11210,0.00000
705.00000,-1.94920,-5.37500,0.00000
710.00000,-2.21210,-5.63790,0.00000
715.00000,-2.47500,-5.90080,0.00000
720.00000,-2.73790,-6.16371,0.00000
725.00000,-3.00080,-6.42661,0.00000
730.00000,-3.26370,-6.68951,0.00000
735.00000,-3.52660,-6.95241,0.00000
740.00000,-3.78950,-7.21531,0.00000
745.00000,-4.05240,-7.47821,0.00000
750.00000,-4.31530,-7.74111,0.00000
755.00000,-4.57820,-8.00401,0.00000
760.00000,-4.84110,-8.26691,0.00000
765.00000,-5.10400,-8.52981,0.00000
770.00000,-5.36690,-8.79271,0.00000
775.00000,-5.62980,-9.05561,0.00000
780.00000,-5.89270,-9.31851,0.00000
