stock,auto_exposure,grey18,white,black,red,yellow,green,sky,blue,skin
kodak_tri_x_400,0,0.4325,0.7827,0.0933,0.5535,0.5578,0.2757,0.6235,0.3420,0.5594
kodak_tri_x_400,1,0.3199,0.7327,0.0830,0.4300,0.4342,0.1956,0.5001,0.2451,0.4357
kodak_tri_x_400_w8,0,0.4325,0.7828,0.0933,0.5096,0.7222,0.4141,0.4739,0.1537,0.6137
kodak_tri_x_400_w8,1,0.3200,0.7328,0.0830,0.3890,0.6274,0.3042,0.3565,0.1152,0.4899
kodak_tri_x_400_w15,0,0.4325,0.7828,0.0933,0.5702,0.7418,0.3788,0.3797,0.0800,0.6396
kodak_tri_x_400_w15,1,0.3200,0.7328,0.0830,0.4461,0.6596,0.2745,0.2753,0.0769,0.5180
kodak_tri_x_400_w21,0,0.4325,0.7828,0.0933,0.6410,0.7512,0.2906,0.2942,0.0752,0.6649
kodak_tri_x_400_w21,1,0.3199,0.7328,0.0830,0.5196,0.6754,0.2064,0.2090,0.0747,0.5480
kodak_tri_x_400_w25,0,0.4325,0.7827,0.0933,0.7703,0.7545,0.1133,0.1721,0.0747,0.7129
kodak_tri_x_400_w25,1,0.3199,0.7327,0.0830,0.7097,0.6816,0.0931,0.1261,0.0747,0.6133
kodak_tri_x_400_w11,0,0.4326,0.7828,0.0933,0.2507,0.6819,0.4762,0.5791,0.2752,0.5504
kodak_tri_x_400_w11,1,0.3200,0.7328,0.0830,0.1780,0.5692,0.3585,0.4549,0.1952,0.4270
kodak_tri_x_400_w58,0,0.4326,0.7828,0.0933,0.0986,0.6788,0.5536,0.5946,0.1968,0.5142
kodak_tri_x_400_w58,1,0.3200,0.7328,0.0830,0.0856,0.5652,0.4301,0.4703,0.1418,0.3931
kodak_tri_x_400_w47,0,0.4325,0.7827,0.0933,0.1879,0.1720,0.1394,0.7162,0.5537,0.4694
kodak_tri_x_400_w47,1,0.3199,0.7327,0.0830,0.1360,0.1260,0.1070,0.6181,0.4302,0.3524
kodak_tri_x_400_w25raw,0,0.4325,0.7384,0.3353,0.7198,0.6977,0.3353,0.3454,0.3353,0.6466
kodak_tri_x_400_w25raw,1,0.3830,0.6697,0.3353,0.6430,0.6131,0.3353,0.3374,0.3353,0.5518
kodak_tri_x_400_w8raw,0,0.4325,0.7730,0.1433,0.5045,0.7051,0.4153,0.4711,0.1839,0.6007
kodak_tri_x_400_w8raw,1,0.3279,0.7164,0.1375,0.3917,0.6132,0.3132,0.3616,0.1568,0.4862
