wavelength_nm,log_sensitivity (solid line, flattened vector path)
2.999515485305399238e+02,2.487601496375571486e+00
3.069975018367664461e+02,2.513319528580632678e+00
3.132162374909373739e+02,2.538004714696953101e+00
3.186856088393038249e+02,2.561140615154519296e+00
3.235126707728512656e+02,2.583037092373285049e+00
3.271605016233937135e+02,2.600845193055159044e+00
3.305299235799117241e+02,2.616888837685571900e+00
3.336827414610362439e+02,2.631258400692072286e+00
3.366807600853982194e+02,2.644044256502199985e+00
3.395857842716287678e+02,2.655336779543503667e+00
3.424596188383587219e+02,2.665226344243524892e+00
3.453640686042190850e+02,2.673803325029806999e+00
3.483609383878409744e+02,2.681158096329895102e+00
3.515120330078551660e+02,2.687381032571336092e+00
3.548791572828928338e+02,2.692562508181669756e+00
3.585241160315848106e+02,2.696792897588442983e+00
3.625087140725621566e+02,2.700162575219195560e+00
3.650001008769737609e+02,2.702434864377506685e+00
3.675109503951014176e+02,2.704810432195461800e+00
3.702893295122062796e+02,2.707334943891058998e+00
3.730330384040345280e+02,2.709152237932324070e+00
3.757487678109584408e+02,2.710303915422553445e+00
3.784432084733502961e+02,2.710831577465043551e+00
3.811230511315824288e+02,2.710776825163094372e+00
3.837949865260272304e+02,2.710181259619995231e+00
3.864657053970569791e+02,2.709086481939049662e+00
3.891418984850440097e+02,2.707534093223550542e+00
3.918302565303607139e+02,2.705565694576794300e+00
3.945374702733793697e+02,2.703222887102080918e+00
3.972702304544721983e+02,2.700547271902701496e+00
4.000352278140117050e+02,2.697580450081957792e+00
4.025460773321393617e+02,2.695101603604362239e+00
4.050374641365509092e+02,2.692622757126764910e+00
4.075483161460653605e+02,2.689730769569569802e+00
4.100397029504769648e+02,2.686735503352730703e+00
4.128392690876949587e+02,2.683234620178998497e+00
4.156145052323978462e+02,2.679049831892152511e+00
4.183678443881624389e+02,2.674207318232511454e+00
4.211017195585656623e+02,2.668733258940386932e+00
4.238185637471843279e+02,2.662653833756092325e+00
4.265208099575951906e+02,2.655995222419942792e+00
4.292108911933751756e+02,2.648783604672251712e+00
4.318912404581010946e+02,2.641045160253332469e+00
4.345642907553497594e+02,2.632806068903498442e+00
4.372324750886979245e+02,2.624092510363064790e+00
4.398982264617226292e+02,2.614930664372344893e+00
4.425639778780004576e+02,2.605346710671652133e+00
4.450748298875149089e+02,2.596051023160152127e+00
4.475662166919265132e+02,2.585929079930481933e+00
4.507429925357712932e+02,2.572442223152860308e+00
4.537751742065316876e+02,2.557658562247324241e+00
4.566815836124760608e+02,2.541671340952115443e+00
4.594810426618729480e+02,2.524573803005484507e+00
4.621923732629905999e+02,2.506459192145678472e+00
4.648343973240974947e+02,2.487420752110940825e+00
4.674259367534620537e+02,2.467551726639518606e+00
4.699858134593527552e+02,2.446945359469658854e+00
4.725328493500380205e+02,2.425694894339608609e+00
4.750858663337861572e+02,2.403893574987614912e+00
4.776636863188655298e+02,2.381634645151923024e+00
4.802851312135446733e+02,2.359011348570778210e+00
4.828641077038389540e+02,2.337218150011652895e+00
4.854722782647073132e+02,2.316044676292442261e+00
4.880707149773309084e+02,2.295904042051715166e+00
4.906496914676251890e+02,2.277209414810100085e+00
4.932286654665326751e+02,2.260683771626124994e+00
4.958173708222981872e+02,2.246843532239031660e+00
4.986072672414131262e+02,2.234527960872101815e+00
5.013634733893783846e+02,2.227211683380044605e+00
5.040887939708411523e+02,2.224333803274786803e+00
5.067860336904482210e+02,2.225333424068255184e+00
5.094579972528467806e+02,2.229649649272387180e+00
5.121074893626836229e+02,2.236721582399102459e+00
5.147373147246059943e+02,2.245988326960338455e+00
5.173502780432608006e+02,2.256888986468018388e+00
5.199491840232950608e+02,2.268862664434074361e+00
5.225368373693557942e+02,2.281348464370434925e+00
5.251160427860899063e+02,2.293785489789028631e+00
5.276896049781447573e+02,2.305612844201785805e+00
5.301712604256982786e+02,2.317387378190883140e+00
5.326626472301098829e+02,2.328955328419665349e+00
5.352910699354941926e+02,2.341170785175560098e+00
5.379485534655118499e+02,2.353053791527923266e+00
5.406325296588519222e+02,2.364564539772976204e+00
5.433404303542032494e+02,2.375663222206947367e+00
5.460696873902550124e+02,2.386310031126059883e+00
5.488177326056962784e+02,2.396465158826542208e+00
5.515819978392157736e+02,2.406088797604615692e+00
5.543599149295029065e+02,2.415141139756508792e+00
5.571489157152465168e+02,2.423582377578446412e+00
5.599464320351356719e+02,2.431372703366653454e+00
5.627498957278593252e+02,2.438472309417354822e+00
5.655567386321066579e+02,2.444841388026777196e+00
5.681649091929749602e+02,2.449385939902370524e+00
5.707730797538433762e+02,2.452381232560238544e+00
5.734104468766726086e+02,2.453723934458679423e+00
5.760283487943991076e+02,2.452587789879524749e+00
5.794568215923045500e+02,2.446903993550746392e+00
5.825339969128929170e+02,2.438016919245630021e+00
5.853375954360678861e+02,2.426940770842071160e+00
5.879453378417331351e+02,2.414689752217974217e+00
5.904349448097924551e+02,2.402278067251241822e+00
5.928841370201495238e+02,2.390719919819773054e+00
5.953706351527080187e+02,2.381029513801472319e+00
5.979721598873717312e+02,2.374221053074242249e+00
6.007664319040444525e+02,2.371308741515983698e+00
6.038311718826296328e+02,2.373306783004597520e+00
6.072441005030314045e+02,2.381229381417986346e+00
6.110829384451531041e+02,2.396090740634051031e+00
6.139538730808959599e+02,2.405799569225150591e+00
6.168053425115359687e+02,2.412616383818026122e+00
6.196178865147438728e+02,2.414372253237095478e+00
6.213321057565767660e+02,2.411944033266312459e+00
6.229078809001586023e+02,2.406548872122918681e+00
6.243523419657987006e+02,2.398542171482745289e+00
6.256726189738068342e+02,2.388279333021626982e+00
6.268758419444923220e+02,2.376115758415396684e+00
6.279691408981650511e+02,2.362406849339889092e+00
6.289596458551344540e+02,2.347508007470935354e+00
6.298544868357100768e+02,2.331774634484366615e+00
6.306607938602015793e+02,2.315562132056022904e+00
6.313856969489185076e+02,2.299225901861730037e+00
6.320363261221702942e+02,2.283121345577326267e+00
6.326198114002668262e+02,2.267603864878642739e+00
6.349846805999767412e+02,2.191689211333027743e+00
6.372619650965776827e+02,2.095220756026058950e+00
6.386178810294956065e+02,2.024508662378536883e+00
6.398354879180886883e+02,1.953398130332541172e+00
6.409313774469029568e+02,1.881951203028362940e+00
6.419221413004844408e+02,1.810229923606303970e+00
6.428243711633791690e+02,1.738296335206657162e+00
6.436546587201331704e+02,1.666212480969722520e+00
6.444295956552923599e+02,1.594040404035794722e+00
6.451657736534029937e+02,1.521842147545170221e+00
6.458797843990109868e+02,1.449679754638149021e+00
6.465882195766623681e+02,1.377615268455025799e+00
6.473076708709032800e+02,1.305710732136095231e+00
6.480547299662795240e+02,1.234028188821659100e+00
6.507796842836047517e+02,9.863500983813153766e-01
6.542248063447735831e+02,7.211135252785112471e-01
6.586333925281708161e+02,4.415202930493720146e-01
6.642779407569157684e+02,1.519083962502048024e-01
6.679371651258952625e+02,-4.373570212958810544e-04
