wavelength_nm,log_sensitivity (dashed line, flattened vector path)
2.999515485305399238e+02,1.207380575966984892e+00
3.074257089437746799e+02,1.221840513752963986e+00
3.137514945061575986e+02,1.244253410710971508e+00
3.191138159463120587e+02,1.272863450304001276e+00
3.236683824481269767e+02,1.305295011832038554e+00
3.275611743300200942e+02,1.339998862518386957e+00
3.309673684723699694e+02,1.374392850784778020e+00
3.340524054159235448e+02,1.406721160094202006e+00
3.369719993273433829e+02,1.434814753506959306e+00
3.398429339630862387e+02,1.457434207784253033e+00
3.427138661074422998e+02,1.474786133127427235e+00
3.455653380294691033e+02,1.487903369014965449e+00
3.483778795412901559e+02,1.497818754925351215e+00
3.511612269825371300e+02,1.505255294358139651e+00
3.538667160947594539e+02,1.511245826791816071e+00
3.565138145744467693e+02,1.517029801906208064e+00
3.591025224215990761e+02,1.523226944541226757e+00
3.616133719397267328e+02,1.530870041293301398e+00
3.640463656202165339e+02,1.539236141544931158e+00
3.664307025164161473e+02,1.548428523955760028e+00
3.687955717161261191e+02,1.557311070387662255e+00
3.711701772554677063e+02,1.565883754399607142e+00
3.735545116602805251e+02,1.573526851151680006e+00
3.759583087788094531e+02,1.579723967345669777e+00
3.784302328695049482e+02,1.583958656801307541e+00
3.809605475927354519e+02,1.585817804880019111e+00
3.835589867967458417e+02,1.585817804880019111e+00
3.862060852764331571e+02,1.584371824321936018e+00
3.888823778266945510e+02,1.581479810323711988e+00
3.915684067165875604e+02,1.577864845707988906e+00
3.942836271856679105e+02,1.573836713571637347e+00
3.969696535841741820e+02,1.569705302775643574e+00
3.996362172689643444e+02,1.566090311718891570e+00
4.022735819004068389e+02,1.563198324161694686e+00
4.048720211044171720e+02,1.560926061444414259e+00
4.074412637464666318e+02,1.559066913365700913e+00
4.099813098265551616e+02,1.557104513068376050e+00
4.125310897548885691e+02,1.555038781229351130e+00
4.150419392730162258e+02,1.552766518512068927e+00
4.175527912825306771e+02,1.549667973635587614e+00
4.200441780869422814e+02,1.545743120158880046e+00
4.225550300964567327e+02,1.540991984522971592e+00
4.250464169008682802e+02,1.535311314509252512e+00
4.275572664189959369e+02,1.529010919655618750e+00
4.300486532234075412e+02,1.522297357281356511e+00
4.325400400278191455e+02,1.515687100007765409e+00
4.350119641185146406e+02,1.509386705154133423e+00
4.374838857178233980e+02,1.503499451380100993e+00
4.399655411653769193e+02,1.498128617345308555e+00
4.424180000509695674e+02,1.493997206549314782e+00
4.448704589365622155e+02,1.490175658173276574e+00
4.473326491790129467e+02,1.486147526036926791e+00
4.497851080646055948e+02,1.481602974161333464e+00
4.522472983070562691e+02,1.475715693946270335e+00
4.546997571926489172e+02,1.468279154513480123e+00
4.571716812833444692e+02,1.458467073703767269e+00
4.596825308014721259e+02,1.445659700236186396e+00
4.621933828109865772e+02,1.429753755451095287e+00
4.647236975342170808e+02,1.410852570890195778e+00
4.672734749711636937e+02,1.389988933149911787e+00
4.698135235426390182e+02,1.367369452431587362e+00
4.723924975415465042e+02,1.343923715995096302e+00
4.749812028973120164e+02,1.320374648016901631e+00
4.775796421013223494e+02,1.296928911580408794e+00
4.801975440190487916e+02,1.274722571941683924e+00
4.827959832230591246e+02,1.253962239302072845e+00
4.854138851407855668e+02,1.235164306959784852e+00
4.880317895498987468e+02,1.218638663775809761e+00
4.906302262625222852e+02,1.204591867069431999e+00
4.932286654665326751e+02,1.193333779260605354e+00
4.958173733136849819e+02,1.185380820088575149e+00
4.983574193937735117e+02,1.180732963112310685e+00
5.008682689119011684e+02,1.180009986053784488e+00
5.033596557163127727e+02,1.183211809589906238e+00
5.058218459587634470e+02,1.189925371964168477e+00
5.082548421306400428e+02,1.199427616794954687e+00
5.106781044542718178e+02,1.210995567023736896e+00
5.130819040641874835e+02,1.224319360230559539e+00
5.154857036741032061e+02,1.238572714256223506e+00
5.178992346408768981e+02,1.253032678483231521e+00
5.203224969645086730e+02,1.267286032508895488e+00
5.227652244932432950e+02,1.280609825715718131e+00
5.252176833788360000e+02,1.293004058103699450e+00
5.276896049781447573e+02,1.304778592092796785e+00
5.301615290688401956e+02,1.315830122582337225e+00
5.326626472301098829e+02,1.326055344471649633e+00
5.351540340345214872e+02,1.335764173062750970e+00
5.376454208389329779e+02,1.345059834133222054e+00
5.401562703570606345e+02,1.354045659224766496e+00
5.426476571614722388e+02,1.362618343236711382e+00
5.451585091709866902e+02,1.370984443488341142e+00
5.476498959753982945e+02,1.378524261580771793e+00
5.501607479849127458e+02,1.385754243694275800e+00
5.526715975030404024e+02,1.392261195867193990e+00
5.551629843074520068e+02,1.398148476082257119e+00
5.576738338255796634e+02,1.403312726356734430e+00
5.601652206299912677e+02,1.407444137152728203e+00
5.626760726395057191e+02,1.410645987129880652e+00
5.651869246490201704e+02,1.413021554947835767e+00
5.676880428102897440e+02,1.414260978186634432e+00
5.702183575335203614e+02,1.414467535505917084e+00
5.727681349704669174e+02,1.413537974687077536e+00
5.753471089693744034e+02,1.411678853049394888e+00
5.779455481733847364e+02,1.408373724412598449e+00
5.805829152962139688e+02,1.404035729856291326e+00
5.832397451327593672e+02,1.398355033401541547e+00
5.859452367363684289e+02,1.392261195867193990e+00
5.886507258485908096e+02,1.385960801013560229e+00
5.913756801659159237e+02,1.380486688319125577e+00
5.941200996883439984e+02,1.376045415103174463e+00
5.968450540056691125e+02,1.373773152385894036e+00
5.995505431178914932e+02,1.373979709705178465e+00
6.022657660783586380e+02,1.377388117001617118e+00
6.049323272717620057e+02,1.384101679375879357e+00
6.076280875185130981e+02,1.392467779627509117e+00
6.103530418358382121e+02,1.400214181480254894e+00
6.131655833476593216e+02,1.405171874435447776e+00
6.160851772590791597e+02,1.405171874435447776e+00
6.191507514889166259e+02,1.397941892321941992e+00
6.223915001077459692e+02,1.381416249137966901e+00
6.258755475963469053e+02,1.353219377065567386e+00
6.296028964461062287e+02,1.309529701287674541e+00
6.335346162468182456e+02,1.239502301516095528e+00
6.376707094898698642e+02,1.130329751401186300e+00
6.419722432736682549e+02,9.695145927773829442e-01
6.464197573758845010e+02,7.443527043957196554e-01
6.509548611639833098e+02,4.423465752085693481e-01
6.555872835034360833e+02,5.079213684902761372e-02
6.560641498861212995e+02,-4.373570212958810544e-04
