wavelength_nm,logS_solid,logS_dashed  (log10 of 1/(erg/cm^2); see REPORT for which density each line is)
300.0000,2.4878,1.2075
305.0000,2.5060,1.2171
310.0000,2.5252,1.2310
315.0000,2.5456,1.2509
320.0000,2.5671,1.2792
325.0000,2.5903,1.3172
330.0000,2.6144,1.3646
335.0000,2.6369,1.4158
340.0000,2.6568,1.4584
345.0000,2.6727,1.4853
350.0000,2.6844,1.5022
355.0000,2.6927,1.5137
360.0000,2.6980,1.5260
365.0000,2.7024,1.5429
370.0000,2.7071,1.5617
375.0000,2.7100,1.5773
380.0000,2.7108,1.5851
385.0000,2.7097,1.5850
390.0000,2.7069,1.5800
395.0000,2.7028,1.5727
400.0000,2.6976,1.5657
405.0000,2.6927,1.5608
410.0000,2.6868,1.5571
415.0000,2.6800,1.5528
420.0000,2.6709,1.5458
425.0000,2.6597,1.5354
430.0000,2.6465,1.5224
435.0000,2.6314,1.5094
440.0000,2.6146,1.4981
445.0000,2.5963,1.4900
450.0000,2.5756,1.4811
455.0000,2.5509,1.4671
460.0000,2.5211,1.4436
465.0000,2.4862,1.4086
470.0000,2.4468,1.3657
475.0000,2.4046,1.3202
480.0000,2.3615,1.2764
485.0000,2.3199,1.2381
490.0000,2.2819,1.2080
495.0000,2.2512,1.1879
500.0000,2.2308,1.1803
505.0000,2.2247,1.1877
510.0000,2.2311,1.2078
515.0000,2.2471,1.2357
520.0000,2.2691,1.2654
525.0000,2.2932,1.2919
530.0000,2.3166,1.3151
535.0000,2.3398,1.3352
540.0000,2.3619,1.3535
545.0000,2.3821,1.3705
550.0000,2.4006,1.3853
555.0000,2.4171,1.3978
560.0000,2.4315,1.4072
565.0000,2.4436,1.4128
570.0000,2.4515,1.4144
575.0000,2.4530,1.4119
580.0000,2.4453,1.4050
585.0000,2.4283,1.3944
590.0000,2.4044,1.3833
595.0000,2.3825,1.3753
600.0000,2.3721,1.3745
605.0000,2.3760,1.3843
610.0000,2.3919,1.3992
615.0000,2.4083,1.4052
620.0000,2.4138,1.3936
625.0000,2.3935,1.3603
630.0000,2.3288,1.3025
635.0000,2.1910,1.2008
640.0000,1.9427,1.0432
645.0000,1.5381,0.8162
650.0000,1.0572,0.5059
655.0000,0.6720,0.1004
660.0000,0.3714,nan
665.0000,0.1218,nan
670.0000,nan,nan
