wavelength_nm,transmittance (10 nm table, linear to 5 nm; held above 700; linear run-out below 400)
380.0000,0.0000
385.0000,0.0000
390.0000,0.0000
395.0000,0.0000
400.0000,0.0000
405.0000,0.0000
410.0000,0.0000
415.0000,0.0000
420.0000,0.0000
425.0000,0.0000
430.0000,0.0000
435.0000,0.0000
440.0000,0.0000
445.0000,0.0000
450.0000,0.0000
455.0000,0.0000
460.0000,0.0000
465.0000,0.0000
470.0000,0.0000
475.0000,0.0000
480.0000,0.0000
485.0000,0.0000
490.0000,0.0000
495.0000,0.0000
500.0000,0.0000
505.0000,0.0000
510.0000,0.0000
515.0000,0.0000
520.0000,0.0000
525.0000,0.0000
530.0000,0.0000
535.0000,0.0125
540.0000,0.0250
545.0000,0.1575
550.0000,0.2900
555.0000,0.4700
560.0000,0.6500
565.0000,0.7280
570.0000,0.8060
575.0000,0.8300
580.0000,0.8540
585.0000,0.8635
590.0000,0.8730
595.0000,0.8770
600.0000,0.8810
605.0000,0.8840
610.0000,0.8870
615.0000,0.8885
620.0000,0.8900
625.0000,0.8925
630.0000,0.8950
635.0000,0.8970
640.0000,0.8990
645.0000,0.9005
650.0000,0.9020
655.0000,0.9030
660.0000,0.9040
665.0000,0.9045
670.0000,0.9050
675.0000,0.9050
680.0000,0.9050
685.0000,0.9055
690.0000,0.9060
695.0000,0.9060
700.0000,0.9060
705.0000,0.9060
710.0000,0.9060
715.0000,0.9060
720.0000,0.9060
725.0000,0.9060
730.0000,0.9060
735.0000,0.9060
740.0000,0.9060
745.0000,0.9060
750.0000,0.9060
755.0000,0.9060
760.0000,0.9060
765.0000,0.9060
770.0000,0.9060
775.0000,0.9060
780.0000,0.9060
