stock,gross_ceiling_ASSUMED,curve_max_net,rms48_sublayers_on,rel_change_on,rms48_sublayers_off,rel_change_off,curve_err_vs_shipped,layers_err_vs_shipped
kodak_tri_x_400,2.6,2.262,7.094,-0.017,9.085,-0.089,0.26127,0.49005
kodak_tri_x_400,3.0,2.523,7.219,+0.000,9.972,+0.000,0.00000,0.00000
kodak_tri_x_400,3.4,2.639,7.499,+0.039,10.330,+0.036,0.11639,0.12269
kodak_tmax_100,2.8,2.542,6.128,-0.119,10.024,-0.076,0.26740,0.20744
kodak_tmax_100,3.2,2.809,6.958,+0.000,10.848,+0.000,0.00000,0.00000
kodak_tmax_100,3.6,2.932,7.394,+0.063,11.198,+0.032,0.12214,0.17484
fujifilm_neopan_acros_100_ii,2.6,2.455,7.210,-0.142,9.740,-0.113,0.39534,0.29528
fujifilm_neopan_acros_100_ii,3.0,2.850,8.404,+0.000,10.975,+0.000,0.00000,0.00000
fujifilm_neopan_acros_100_ii,3.4,3.228,9.242,+0.100,12.024,+0.096,0.37814,0.22869
ilford_hp5_plus_400,2.6,2.415,7.251,-0.059,9.609,-0.107,0.36194,0.47369
ilford_hp5_plus_400,3.0,2.777,7.704,+0.000,10.759,+0.000,0.00000,0.00000
ilford_hp5_plus_400,3.4,3.044,7.855,+0.020,11.507,+0.070,0.26742,0.53091
