stock,net_density,pitch_um,sublayers,rms48_measured,rms48_model,one_record_model,sigma_per_pixel_x1000,mean_density_with_grain,density_grain_off
kodak_tri_x_400,0.3,6,on,6.506,6.557,9.765,23.16,0.3000,0.2999
kodak_tri_x_400,0.3,6,off,6.743,6.802,10.192,24.02,0.3000,0.2999
kodak_tri_x_400,0.6,6,on,6.736,6.748,9.949,23.83,0.5999,0.5999
kodak_tri_x_400,0.6,6,off,8.718,8.762,13.110,30.94,0.6000,0.5999
kodak_tri_x_400,1,6,on,7.219,7.223,10.582,25.53,1.0000,1.0001
kodak_tri_x_400,1,6,off,9.972,10.014,14.945,35.35,1.0000,1.0001
kodak_tri_x_400,1,4,on,7.520,7.511,11.010,38.15,1.0000,1.0001
kodak_tri_x_400,1,4,off,10.372,10.418,15.550,53.03,1.0001,1.0001
kodak_tri_x_400,1,12,on,6.309,6.289,9.213,12.77,1.0000,1.0001
kodak_tri_x_400,1,12,off,8.681,8.719,13.013,17.67,1.0001,1.0001
kodak_tri_x_400,1.5,6,on,6.151,6.148,8.765,21.73,1.5000,1.4998
kodak_tri_x_400,1.5,6,off,10.058,10.103,14.989,35.67,1.5000,1.4998
kodak_tri_x_400,2,6,on,5.647,5.642,7.846,19.94,2.0001,2.0002
kodak_tri_x_400,2,6,off,8.528,8.556,12.488,30.22,2.0001,2.0002
kodak_tmax_100,0.3,6,on,7.667,7.717,11.517,27.27,0.3000,0.3000
kodak_tmax_100,0.3,6,off,7.184,7.226,10.829,25.53,0.3000,0.3000
kodak_tmax_100,0.6,6,on,7.416,7.443,10.962,26.29,0.6000,0.6000
kodak_tmax_100,0.6,6,off,9.333,9.387,14.050,33.14,0.6000,0.6000
kodak_tmax_100,1,6,on,6.958,6.959,10.073,24.58,1.0000,1.0001
kodak_tmax_100,1,6,off,10.848,10.900,16.281,38.48,1.0001,1.0001
kodak_tmax_100,1,4,on,7.206,7.233,10.480,36.55,1.0000,1.0001
kodak_tmax_100,1,4,off,11.317,11.341,16.939,57.74,1.0001,1.0001
kodak_tmax_100,1,12,on,6.080,6.059,8.770,12.30,1.0000,1.0001
kodak_tmax_100,1,12,off,9.440,9.490,14.176,19.23,1.0001,1.0001
kodak_tmax_100,1.5,6,on,6.961,6.948,9.941,24.57,1.5000,1.4998
kodak_tmax_100,1.5,6,off,11.342,11.384,16.930,40.19,1.5000,1.4998
kodak_tmax_100,2,6,on,6.818,6.811,9.629,24.08,2.0001,1.9999
kodak_tmax_100,2,6,off,10.438,10.476,15.434,36.99,2.0001,1.9999
fujifilm_neopan_acros_100_ii,0.3,6,on,7.059,7.109,10.583,25.12,0.3000,0.3000
fujifilm_neopan_acros_100_ii,0.3,6,off,7.233,7.284,10.916,25.72,0.3000,0.3000
fujifilm_neopan_acros_100_ii,0.6,6,on,7.058,7.103,10.445,25.08,0.6000,0.6000
fujifilm_neopan_acros_100_ii,0.6,6,off,9.427,9.472,14.178,33.44,0.6000,0.6000
fujifilm_neopan_acros_100_ii,1,6,on,8.404,8.406,12.355,29.72,1.0000,0.9999
fujifilm_neopan_acros_100_ii,1,6,off,10.975,11.019,16.461,38.91,1.0001,0.9999
fujifilm_neopan_acros_100_ii,1,4,on,8.734,8.742,12.855,44.36,0.9999,0.9999
fujifilm_neopan_acros_100_ii,1,4,off,11.397,11.465,17.127,58.37,1.0001,0.9999
fujifilm_neopan_acros_100_ii,1,12,on,7.332,7.319,10.758,14.87,1.0000,0.9999
fujifilm_neopan_acros_100_ii,1,12,off,9.554,9.594,14.332,19.45,1.0001,0.9999
fujifilm_neopan_acros_100_ii,1.5,6,on,8.044,8.040,11.660,28.41,1.4999,1.5000
fujifilm_neopan_acros_100_ii,1.5,6,off,11.496,11.554,17.187,40.77,1.5000,1.5000
fujifilm_neopan_acros_100_ii,2,6,on,6.923,6.913,9.750,24.43,2.0001,1.9999
fujifilm_neopan_acros_100_ii,2,6,off,10.676,10.720,15.807,37.86,2.0001,1.9999
ilford_hp5_plus_400,0.3,6,on,8.003,8.057,12.031,28.47,0.3000,0.3000
ilford_hp5_plus_400,0.3,6,off,7.135,7.179,10.758,25.36,0.3000,0.3000
ilford_hp5_plus_400,0.6,6,on,8.236,8.283,12.253,29.25,0.6000,0.6000
ilford_hp5_plus_400,0.6,6,off,9.260,9.317,13.946,32.89,0.6000,0.6000
ilford_hp5_plus_400,1,6,on,7.704,7.699,11.206,27.21,1.0000,1.0001
ilford_hp5_plus_400,1,6,off,10.759,10.802,16.133,38.14,1.0001,1.0001
ilford_hp5_plus_400,1,4,on,7.943,7.997,11.660,40.14,1.0000,1.0001
ilford_hp5_plus_400,1,4,off,11.195,11.239,16.786,57.20,1.0001,1.0001
ilford_hp5_plus_400,1,12,on,6.720,6.704,9.757,13.62,1.0000,1.0001
ilford_hp5_plus_400,1,12,off,9.362,9.405,14.047,19.06,1.0000,1.0001
ilford_hp5_plus_400,1.5,6,on,7.280,7.273,10.398,25.71,1.4999,1.5000
ilford_hp5_plus_400,1.5,6,off,11.199,11.244,16.719,39.70,1.5000,1.5000
ilford_hp5_plus_400,2,6,on,6.405,6.397,8.863,22.61,2.0001,2.0002
ilford_hp5_plus_400,2,6,off,10.240,10.273,15.124,36.27,2.0001,2.0002
