stock,type,pitch_um,R_sub,R_sub_model,G_sub,G_sub_model,B_sub,B_sub_model,visual_net1_sub,visual_net1_sub_model,visual_gross1_sub,visual_gross1_sub_model,R_single,R_single_model,G_single,G_single_model,B_single,B_single_model,visual_net1_single,visual_net1_single_model,visual_gross1_single,visual_gross1_single_model
fujifilm_c200,negative,4,8.363,8.348,8.961,8.956,17.730,17.680,5.965,5.958,,,10.754,10.764,12.804,12.872,23.012,22.977,8.168,8.231,,
fujifilm_c200,negative,6,8.006,8.023,8.618,8.608,17.096,17.126,5.718,5.727,,,10.343,10.346,12.325,12.372,22.101,22.084,7.857,7.911,,
fujifilm_c200,negative,12,6.985,6.986,7.494,7.495,14.939,14.911,4.997,4.986,,,8.980,9.008,10.760,10.772,19.161,19.228,6.858,6.888,,
fujifilm_pro_400h,negative,4,6.632,6.652,6.060,6.060,12.927,12.914,3.777,3.771,,,9.812,9.829,9.810,9.853,19.107,19.103,5.884,5.936,,
fujifilm_pro_400h,negative,6,6.403,6.394,5.833,5.824,12.477,12.445,3.622,3.625,,,9.436,9.447,9.434,9.470,18.373,18.360,5.668,5.705,,
fujifilm_pro_400h,negative,12,5.555,5.567,5.074,5.071,10.858,10.836,3.167,3.156,,,8.193,8.225,8.237,8.246,15.961,15.986,4.943,4.968,,
fujifilm_provia_100f,positive,4,11.801,11.789,12.737,12.740,15.428,15.405,8.648,8.715,8.177,8.232,15.794,15.825,15.605,15.664,18.701,18.688,12.377,12.495,12.081,12.193
fujifilm_provia_100f,positive,6,11.278,11.330,12.246,12.245,14.925,14.890,8.344,8.377,7.889,7.913,15.202,15.210,14.988,15.056,17.965,17.962,11.916,12.009,11.610,11.719
fujifilm_provia_100f,positive,12,9.901,9.865,10.675,10.661,12.957,12.965,7.296,7.293,6.891,6.889,13.195,13.243,13.082,13.109,15.614,15.639,10.404,10.456,10.156,10.204
fujifilm_velvia_100,positive,4,12.854,12.872,13.491,13.440,18.023,17.992,9.027,9.146,8.364,8.468,16.684,16.675,20.102,20.189,24.422,24.418,14.067,14.214,13.602,13.715
fujifilm_velvia_100,positive,6,12.393,12.372,12.911,12.917,17.373,17.376,8.748,8.790,8.106,8.139,16.026,16.027,19.334,19.404,23.499,23.469,13.557,13.661,13.074,13.182
fujifilm_velvia_100,positive,12,10.774,10.772,11.196,11.247,15.140,15.129,7.631,7.654,7.067,7.086,13.889,13.954,16.871,16.895,20.387,20.434,11.852,11.895,11.434,11.477
fujifilm_xtra_400,negative,4,9.874,9.921,9.812,9.778,19.916,19.849,6.644,6.637,,,13.554,13.546,14.004,14.098,24.424,24.437,9.237,9.310,,
fujifilm_xtra_400,negative,6,9.508,9.535,9.412,9.398,19.247,19.270,6.377,6.380,,,13.019,13.020,13.488,13.550,23.505,23.487,8.896,8.948,,
fujifilm_xtra_400,negative,12,8.296,8.302,8.172,8.183,16.805,16.779,5.562,5.555,,,11.294,11.336,11.782,11.798,20.430,20.450,7.758,7.791,,
kodak_ektachrome_100,positive,4,13.643,13.613,14.281,14.285,20.071,19.979,10.013,10.123,9.333,9.448,15.568,15.599,16.839,16.924,24.191,24.111,13.196,13.333,12.800,12.965
kodak_ektachrome_100,positive,6,13.120,13.084,13.726,13.730,19.374,19.386,9.688,9.731,9.048,9.082,14.991,14.993,16.190,16.266,23.205,23.174,12.713,12.815,12.364,12.461
kodak_ektachrome_100,positive,12,11.383,11.392,11.974,11.955,16.894,16.880,8.448,8.472,7.898,7.907,13.007,13.054,14.143,14.163,20.121,20.177,11.100,11.158,10.793,10.850
kodak_ektar_100,negative,4,8.126,8.148,6.849,6.844,13.335,13.354,3.568,3.568,,,12.047,12.056,11.113,11.171,20.286,20.260,6.026,6.067,,
kodak_ektar_100,negative,6,7.817,7.831,6.586,6.578,12.889,12.869,3.427,3.430,,,11.585,11.587,10.687,10.737,19.498,19.473,5.796,5.831,,
kodak_ektar_100,negative,12,6.808,6.818,5.731,5.727,11.217,11.205,2.997,2.986,,,10.050,10.089,9.334,9.348,16.938,16.955,5.052,5.077,,
kodak_gold_200,negative,4,7.578,7.581,6.467,6.455,11.057,11.035,3.493,3.489,,,10.186,10.192,9.058,9.096,15.078,15.050,4.635,4.664,,
kodak_gold_200,negative,6,7.289,7.286,6.210,6.204,10.642,10.606,3.350,3.354,,,9.790,9.796,8.714,8.743,14.493,14.465,4.455,4.483,,
kodak_gold_200,negative,12,6.338,6.344,5.411,5.402,9.234,9.235,2.931,2.920,,,8.491,8.529,7.598,7.612,12.579,12.595,3.882,3.903,,
kodak_kodachrome_64,positive,4,14.194,14.180,14.414,14.406,18.628,18.578,10.128,10.233,9.022,9.098,17.499,17.501,16.833,16.918,20.234,20.178,12.087,12.204,11.572,11.695
kodak_kodachrome_64,positive,6,13.637,13.629,13.842,13.846,18.005,17.998,9.792,9.836,8.706,8.745,16.813,16.821,16.184,16.260,19.405,19.394,11.633,11.729,11.149,11.241
kodak_kodachrome_64,positive,12,11.861,11.867,12.054,12.056,15.685,15.671,8.588,8.564,7.632,7.614,14.582,14.646,14.137,14.158,16.852,16.886,10.177,10.213,9.744,9.787
kodak_portra_160,negative,4,6.952,6.964,6.540,6.530,12.122,12.083,3.114,3.105,,,10.512,10.521,10.849,10.911,18.254,18.250,5.268,5.310,,
kodak_portra_160,negative,6,6.686,6.693,6.291,6.276,11.640,11.636,2.983,2.985,,,10.110,10.112,10.457,10.487,17.551,17.541,5.071,5.104,,
kodak_portra_160,negative,12,5.814,5.828,5.467,5.465,10.148,10.131,2.608,2.599,,,8.771,8.804,9.119,9.131,15.249,15.273,4.424,4.444,,
kodak_portra_400,negative,4,8.409,8.417,6.853,6.840,12.865,12.844,3.802,3.798,,,12.686,12.699,11.251,11.295,19.456,19.411,6.389,6.438,,
kodak_portra_400,negative,6,8.084,8.089,6.581,6.574,12.399,12.374,3.647,3.651,,,12.205,12.205,10.819,10.856,18.674,18.657,6.153,6.188,,
kodak_portra_400,negative,12,7.031,7.043,5.719,5.724,10.787,10.774,3.187,3.179,,,10.581,10.627,9.440,9.453,16.226,16.244,5.361,5.388,,
kodak_portra_800,negative,4,8.183,8.204,6.842,6.837,12.359,12.330,3.814,3.816,,,12.097,12.107,10.774,10.815,18.256,18.253,5.978,6.024,,
kodak_portra_800,negative,6,7.872,7.885,6.584,6.571,11.892,11.876,3.665,3.668,,,11.633,11.637,10.357,10.395,17.548,17.543,5.757,5.790,,
kodak_portra_800,negative,12,6.856,6.865,5.731,5.722,10.363,10.340,3.206,3.194,,,10.087,10.132,9.027,9.051,15.253,15.275,5.018,5.041,,
kodak_portra_800_push1,negative,4,9.853,9.822,8.005,8.010,13.947,13.958,4.716,4.729,,,14.484,14.472,12.300,12.368,20.221,20.154,7.264,7.318,,
kodak_portra_800_push1,negative,6,9.417,9.440,7.709,7.699,13.484,13.458,4.547,4.545,,,13.906,13.909,11.838,11.887,19.394,19.370,6.997,7.034,,
kodak_portra_800_push1,negative,12,8.205,8.219,6.704,6.703,11.738,11.718,3.967,3.957,,,12.058,12.111,10.338,10.350,16.837,16.866,6.094,6.124,,
kodak_portra_800_push2,negative,4,11.214,11.181,8.791,8.790,16.090,16.100,5.282,5.295,,,15.614,15.632,12.623,12.691,22.192,22.143,7.732,7.787,,
kodak_portra_800_push2,negative,6,10.704,10.746,8.458,8.449,15.542,15.553,5.085,5.089,,,15.018,15.024,12.157,12.197,21.318,21.283,7.446,7.484,,
kodak_portra_800_push2,negative,12,9.346,9.356,7.353,7.356,13.564,13.542,4.441,4.431,,,13.029,13.082,10.605,10.620,18.504,18.531,6.488,6.517,,
kodak_ultramax_400,negative,4,7.741,7.760,6.647,6.643,12.463,12.426,3.617,3.622,,,11.458,11.473,10.559,10.612,18.554,18.523,5.714,5.754,,
kodak_ultramax_400,negative,6,7.452,7.458,6.394,6.385,11.980,11.969,3.481,3.481,,,11.017,11.027,10.160,10.199,17.832,17.803,5.501,5.530,,
kodak_ultramax_400,negative,12,6.484,6.494,5.565,5.559,10.440,10.421,3.043,3.031,,,9.565,9.601,8.855,8.880,15.465,15.501,4.789,4.815,,
kodak_verita_200d,negative,4,7.531,7.536,6.591,6.575,12.296,12.250,4.010,4.010,,,11.452,11.471,10.378,10.449,17.888,17.854,6.305,6.348,,
kodak_verita_200d,negative,6,7.230,7.243,6.328,6.319,11.805,11.795,3.850,3.854,,,11.019,11.025,10.011,10.042,17.188,17.160,6.064,6.101,,
kodak_verita_200d,negative,12,6.295,6.307,5.508,5.502,10.293,10.270,3.370,3.356,,,9.569,9.599,8.732,8.744,14.914,14.941,5.286,5.312,,
kodak_vision3_200t,negative,4,7.301,7.312,6.600,6.591,11.619,11.579,4.251,4.258,,,10.480,10.496,10.029,10.091,16.650,16.628,6.298,6.340,,
kodak_vision3_200t,negative,6,7.026,7.027,6.344,6.335,11.145,11.129,4.091,4.092,,,10.077,10.089,9.649,9.699,15.993,15.981,6.049,6.093,,
kodak_vision3_200t,negative,12,6.110,6.119,5.524,5.516,9.687,9.690,3.578,3.563,,,8.755,8.784,8.429,8.445,13.898,13.915,5.281,5.305,,
kodak_vision3_250d,negative,4,8.045,8.053,7.913,7.907,12.901,12.891,4.892,4.902,,,10.684,10.699,11.085,11.142,17.264,17.204,6.630,6.688,,
kodak_vision3_250d,negative,6,7.750,7.740,7.603,7.600,12.418,12.390,4.705,4.711,,,10.286,10.283,10.676,10.709,16.539,16.535,6.391,6.428,,
kodak_vision3_250d,negative,12,6.732,6.739,6.626,6.617,10.783,10.788,4.117,4.102,,,8.917,8.953,9.306,9.324,14.366,14.397,5.569,5.597,,
kodak_vision3_500t,negative,4,8.372,8.366,7.350,7.320,13.027,13.038,4.870,4.867,,,11.036,11.062,10.083,10.119,17.359,17.329,6.514,6.559,,
kodak_vision3_500t,negative,6,8.038,8.041,7.040,7.035,12.566,12.531,4.677,4.678,,,10.623,10.632,9.674,9.725,16.654,16.655,6.264,6.304,,
kodak_vision3_500t,negative,12,6.995,7.001,6.132,6.125,10.918,10.911,4.091,4.073,,,9.224,9.257,8.452,8.468,14.485,14.502,5.459,5.489,,
kodak_vision3_50d,negative,4,6.715,6.720,6.583,6.583,11.729,11.726,3.931,3.934,,,10.154,10.169,10.525,10.551,17.284,17.252,6.232,6.273,,
kodak_vision3_50d,negative,6,6.461,6.459,6.347,6.327,11.278,11.270,3.779,3.781,,,9.766,9.774,10.106,10.141,16.600,16.581,5.989,6.029,,
kodak_vision3_50d,negative,12,5.613,5.624,5.515,5.509,9.822,9.813,3.303,3.292,,,8.473,8.510,8.814,8.830,14.423,14.437,5.225,5.250,,
kodak_tri_x_400,negative,4,11.351,11.358,11.032,11.010,16.054,16.049,7.520,7.511,,,15.644,15.654,15.490,15.550,22.207,22.138,10.371,10.417,,
kodak_tri_x_400,negative,6,10.902,10.917,10.589,10.582,15.447,15.439,7.219,7.222,,,15.040,15.045,14.872,14.945,21.312,21.277,9.972,10.012,,
kodak_tri_x_400,negative,12,9.493,9.505,9.214,9.213,13.452,13.442,6.309,6.288,,,13.053,13.100,12.986,13.013,18.483,18.526,8.681,8.718,,
